state,year,state_tax_per_pack,price_per_pack,pack_sales_per_capita
IA,1985,0.18,1.048,109.4
MA,1972,0.16,0.46,117.9
ID,2003,0.57,3.646,64.7
UT,2002,0.695,3.812,40.1
ME,2008,2,5.61,55.2
UT,1976,0.08,0.447,77.9
AL,2008,0.425,3.752,78
OH,1977,0.15,0.539,127.3
NV,1978,0.1,0.571,187
VT,2007,1.79,5.095,54.5
OH,1972,0.15,0.42,124.4
IN,1984,0.105,0.888,137.8
OH,1985,0.14,0.981,126.7
MT,2011,1.7,6.189,45.5
CT,1984,0.26,1.186,112.5
UT,2005,0.695,3.772,33.6
VA,1975,0.025,0.379,152.7
IA,2006,0.36,3.36,85.3
NJ,1981,0.19,0.762,127.9
WV,2012,0.55,4.752,105
ME,2012,2,6.391,48.9
IL,1976,0.12,0.494,134.4
NV,1982,0.1,0.819,165.1
FL,2011,1.339,5.519,49.7
MS,1987,0.18,1.226,110
LA,1971,0.11,0.4,119.8
OR,1990,0.27,1.601,102.5
NJ,1975,0.19,0.536,122.3
WA,1983,0.23,1.059,102.4
NM,2014,1.66,6.337,24.6
WI,1980,0.16,0.649,117.6
VT,2017,3.08,8.414,36.3
VT,1984,0.17,0.955,144.3
NV,1997,0.35,2.006,95.6
MO,2004,0.17,3.088,105
CT,2013,3.4,8.214,31.4
ID,1979,0.091,0.564,117.5
HI,2009,2,7.447,41.1
SC,1975,0.06,0.41,130.5
NM,1976,0.12,0.516,102.4
WA,1995,0.565,2.468,67.4
NV,2002,0.35,3.308,82.2
AK,1978,0.08,0.571,143.6
MO,1981,0.09,0.647,140.5
KS,1990,0.24,1.457,94.3
ID,1985,0.091,0.999,100.7
KY,1975,0.03,0.36,223
HI,2013,3.2,8.702,27
AR,2017,1.15,5.958,52.4
MD,1985,0.13,0.933,121.9
ND,1979,0.11,0.596,121.3
NH,1971,0.085,0.361,278
IA,2005,0.36,3.362,83.9
KS,1989,0.24,1.458,96.5
OK,2006,1.03,4.038,87.2
WV,1995,0.17,1.573,115.8
LA,1991,0.16,1.781,107.2
CT,2002,1.11,4.318,66.4
CO,2001,0.2,3.061,70.4
KS,1976,0.11,0.481,127.7
MI,1999,0.75,3.338,81.7
ME,2002,1,4.176,79.6
CA,2018,2.87,7.862,16.6
DE,2019,2.1,7.091,56.9
MS,1981,0.11,0.692,125.3
UT,1985,0.12,1.035,66.5
NH,2014,1.78,6.075,90.6
LA,1978,0.11,0.571,142.7
MA,2009,2.51,7.261,34.6
PA,1970,0.18,0.447,107.3
CT,2005,1.51,4.733,49.9
GA,2007,0.37,3.655,64.7
OH,1997,0.24,1.729,108.6
TX,2006,0.41,3.33,54.3
WY,1994,0.12,1.53,111.2
HI,1996,0.6,2.428,51.6
IN,2017,0.995,5.666,61.2
KY,1989,0.03,1.156,171.6
AR,2007,0.59,3.822,78.4
OH,2003,0.55,3.588,90.2
PA,2011,1.6,5.768,56.4
AZ,2011,2,6.492,27.1
AZ,2004,1.18,3.967,42.5
ID,1977,0.091,0.515,125
MD,2007,1,4.279,48.3
FL,1980,0.21,0.728,139
KY,1997,0.03,1.557,186.8
NY,1997,0.56,2.293,64.5
NM,2016,1.66,6.518,24.6
NY,2015,4.35,10.155,14.6
NJ,1989,0.27,1.493,103
GA,1975,0.12,0.479,122.9
ID,1995,0.18,1.765,78.2
KY,1982,0.03,0.664,210.6
GA,2011,0.37,4.637,54.3
MO,1973,0.09,0.38,132.1
DE,1996,0.24,1.719,128.3
KS,1970,0.08,0.389,114
AZ,1988,0.15,1.256,102.2
NJ,1995,0.4,1.943,81
WY,2008,0.6,3.876,79
SD,1981,0.14,0.68,115.7
AZ,1979,0.13,0.608,124.6
HI,1971,0.09,0.367,85
PA,2013,1.6,5.944,52.8
IN,2000,0.155,2.704,125.5
WA,1990,0.34,1.774,83.4
CA,1990,0.35,1.868,77.8
AZ,1986,0.15,1.135,107.9
VT,2005,1.19,4.478,63.9
SD,1998,0.33,2.079,88.3
AK,2006,1.6,5.819,54.5
NJ,2012,2.7,7.322,31.6
IL,2006,0.98,4.821,51.5
VT,1974,0.12,0.418,151.8
SC,1998,0.07,1.796,126.9
DE,1977,0.14,0.587,153.3
RI,2019,4.25,9.873,29.1
NM,1980,0.12,0.63,102.7
MI,1986,0.21,1.114,126.5
SD,1973,0.12,0.404,103.5
TX,1996,0.41,1.898,74.6
KY,2002,0.03,2.977,140.8
SD,2014,1.53,5.931,42.3
OK,1972,0.13,0.404,121.7
AR,2003,0.59,3.596,91.6
RI,2000,0.71,3.382,83.1
MD,2002,1,4.009,56
NM,1994,0.15,1.635,68.2
NC,1976,0.02,0.366,230.2
NY,2001,1.11,4.313,48
NH,2010,1.78,5.964,97.1
PA,2005,1.35,4.332,62.8
KY,1993,0.03,1.328,167.6
AZ,1987,0.15,1.135,106.1
SC,1987,0.07,0.999,126.6
SD,1994,0.23,1.621,94.8
VT,1992,0.17,1.738,126.5
AK,2015,2,9.018,35.8
HI,2015,3.2,8.938,26.8
NY,2009,2.75,7.613,24.8
UT,1979,0.08,0.572,79.1
MA,2000,0.76,3.843,58.3
IL,2007,0.98,4.979,48.6
SD,2009,1.53,5.437,49.7
WI,1983,0.25,1.008,106.3
TX,2019,1.41,6.482,28.8
NJ,1985,0.25,1.145,116.9
CA,1983,0.1,0.949,110.8
VA,2013,0.3,4.939,69.4
NE,1998,0.34,2.146,79.7
TX,1984,0.185,1.021,117.2
NE,2007,0.64,3.764,60.1
NM,1984,0.12,0.955,88.9
MO,1990,0.13,1.325,119.1
VT,2015,2.75,8.12,40.4
NE,1989,0.27,1.434,93.8
WY,1971,0.08,0.344,131.7
SD,2015,1.53,6.221,40.7
KS,1979,0.11,0.583,126.4
WY,1978,0.08,0.517,160.3
LA,2011,0.36,4.642,78.8
NJ,2014,2.7,7.428,29.3
SC,2011,0.57,4.844,69.9
MT,1998,0.18,1.963,89.1
KY,1971,0.03,0.306,163.5
MS,2009,0.68,4.536,89.5
IL,2016,1.98,7.488,31.5
TN,2009,0.62,4.644,77
OK,1970,0.13,0.398,108.4
IA,1973,0.13,0.432,110.6
DE,2003,0.24,3.532,184.2
MT,1986,0.16,1.062,97.8
CO,1972,0.05,0.327,134.3
AZ,1998,0.58,2.501,66
IN,1993,0.155,1.466,126.8
MA,2018,3.51,9.594,23
NM,1985,0.12,1.012,88
AL,2002,0.165,3.282,84.8
FL,1992,0.339,1.937,95.9
MS,1974,0.11,0.43,117.1
NJ,2007,2.575,6.094,34.2
CO,2018,0.84,5.873,32.1
DC,1974,0.06,0.394,182.7
NV,2010,0.8,5.02,48.1
IL,1970,0.12,0.414,124.8
DE,1993,0.24,1.525,123.8
NM,2010,0.91,5.925,30.3
DE,1973,0.14,0.442,154.7
MN,2015,3.426,7.92,30.2
NH,2003,0.52,3.57,146.2
KS,1994,0.24,1.657,89.1
OR,2016,1.32,6.002,40
MO,1974,0.09,0.435,135.4
WA,1972,0.16,0.459,88.5
AR,1983,0.21,0.936,128
SC,2006,0.07,3.094,96.4
SC,1991,0.07,1.519,121.5
PA,1997,0.31,1.909,92.9
WY,2015,0.6,5.168,58.6
CO,1993,0.2,1.532,88.6
NC,1999,0.05,2.573,113.1
NV,2004,0.8,3.83,69.9
NC,1986,0.02,0.906,154.4
CT,2009,2,7.474,45.9
KS,1988,0.24,1.365,103.2
MA,2014,3.51,8.781,27.1
TN,2000,0.13,2.815,108.7
KS,1998,0.24,2.07,87.6
NE,2017,0.64,5.498,43.4
FL,1999,0.339,2.863,88.2
AR,1997,0.315,1.873,108.7
PA,2001,0.31,3.195,86.8
MD,1979,0.1,0.581,131.9
AR,2016,1.15,5.744,54.2
MS,1994,0.18,1.539,106
UT,2001,0.515,3.358,38.7
NE,2000,0.34,3.095,77.6
NM,2001,0.21,3.203,53.7
NY,1991,0.39,1.985,86.4
CT,1989,0.4,1.712,100.6
CO,1987,0.2,1.16,102.4
DC,2009,2,6.688,33.4
DC,2002,0.65,3.811,44.4
SD,1976,0.12,0.464,116.7
VT,1991,0.17,1.68,120.9
OR,2012,1.18,5.473,44.7
UT,1998,0.265,2.437,42.3
SD,2004,0.53,3.506,69.3
GA,1982,0.12,0.789,131.2
AL,1980,0.12,0.688,123.2
WI,1987,0.25,1.286,106
IL,2015,1.98,7.396,33.4
ND,1999,0.44,2.975,74.7
FL,1995,0.339,1.798,95.4
WA,1997,0.815,2.726,55.6
VT,2003,0.93,4.352,77.9
OK,2019,2.03,7.366,42.8
MN,2017,3.59,8.661,28.3
ND,1986,0.18,1.103,99.8
IN,1995,0.155,1.478,135.4
KS,2017,1.29,6.014,34.5
PA,1988,0.18,1.228,107.6
KY,1987,0.03,0.944,171.2
DE,2014,1.6,5.818,71.2
CO,1982,0.1,0.733,130.5
RI,1971,0.13,0.416,123.2
CA,2010,0.87,5.374,26.3
PA,1986,0.18,1.1,113.9
AK,1973,0.08,0.438,125.8
NC,1975,0.02,0.358,226
PA,1983,0.18,0.977,125.3
ND,1978,0.11,0.55,121.9
MD,1976,0.1,0.492,137.1
NE,2014,0.64,5.326,47.3
ID,1994,0.18,1.635,93
DE,1970,0.11,0.413,155
NH,1986,0.17,1.02,195.9
MI,1993,0.25,1.634,106.5
DE,1999,0.24,2.762,139.5
IL,1984,0.12,0.967,124
KS,1974,0.11,0.427,118.6
GA,1993,0.12,1.478,109.2
AK,2002,1,4.591,63.7
WV,1993,0.17,1.501,111
TN,1987,0.13,1.121,130.6
IN,1977,0.06,0.5,173
WY,1981,0.08,0.643,163.1
KY,2005,0.3,3.306,181.8
CT,2004,1.51,4.708,53.1
CT,1990,0.4,1.695,91.5
FL,1988,0.24,1.398,119.5
MT,1992,0.18,1.794,86.6
NM,2012,1.66,6.173,26.7
KS,1982,0.11,0.77,130.9
AK,1998,0.29,3.276,78.6
HI,1990,0.33,1.635,48.9
VA,1974,0.025,0.336,149.6
WI,1992,0.3,1.955,96.2
AR,1970,0.1225,0.388,100.3
OH,1975,0.15,0.485,122.5
ID,1993,0.18,1.505,86.7
NJ,1988,0.27,1.395,107.8
DE,1974,0.14,0.459,151.3
IN,2018,0.995,5.716,58.3
WI,1970,0.14,0.402,106.4
UT,2008,0.695,4.029,31.3
NM,1986,0.12,1.102,88.2
ID,1986,0.091,1.071,96.7
UT,2011,1.7,5.999,22.3
LA,2003,0.36,3.41,82.9
NM,2019,1.66,7.171,22.6
IA,2007,1.36,4.541,76.3
NJ,1983,0.24,1.011,121.3
MT,1987,0.16,1.153,91.7
CA,2006,0.87,3.95,32.9
OH,1995,0.24,1.597,111.7
MA,2004,1.51,5.028,43.6
KS,2015,0.79,5.793,39.3
AR,2011,1.15,5.551,61.1
DE,2015,1.6,5.86,70.1
AR,2010,1.15,5.454,63.2
SC,1995,0.07,1.495,109.2
PA,1995,0.31,1.694,95.4
MA,1977,0.21,0.618,118.9
IA,1983,0.18,0.933,115.6
ND,1990,0.27,1.598,77.1
IA,2001,0.36,3.195,86.5
NC,2007,0.35,3.447,78.3
GA,2003,0.12,3.309,83.1
CO,1995,0.2,1.696,85.4
CO,1996,0.2,1.744,83.1
NC,1974,0.02,0.329,227.3
SD,1996,0.23,1.817,92.3
UT,1980,0.1,0.627,74.8
IA,1981,0.13,0.728,132.9
VT,1970,0.12,0.395,122.6
UT,1993,0.265,1.604,56.2
MO,2013,0.17,4.387,87.4
DE,1980,0.14,0.66,150.5
HI,1972,0.1,0.377,81.6
AK,2019,2,9.553,30.4
NH,2017,1.78,6.445,87.3
NM,2018,1.66,6.641,23.6
MD,2018,2,6.912,27.6
TN,1997,0.13,1.677,118.9
NE,1991,0.27,1.695,92.4
MS,1972,0.09,0.373,112.1
MA,2012,2.51,7.505,33.5
MD,1999,0.36,3.152,71.4
SC,1977,0.06,0.492,137.2
IA,1991,0.31,1.785,97.1
NE,2002,0.34,3.867,77.3
UT,1988,0.23,1.356,55
FL,1979,0.21,0.698,135.4
ND,2000,0.44,3.069,72.5
AK,1974,0.08,0.449,130.4
FL,1970,0.15,0.438,123.6
AR,1972,0.1775,0.451,103.9
AK,1990,0.16,2.017,100.2
NY,1987,0.21,1.259,108.9
NE,2004,0.64,3.619,61.8
AK,1991,0.29,2.073,101.8
OR,1998,0.68,2.583,84.2
VT,1985,0.17,1.049,144.5
IN,1990,0.155,1.358,128.3
CO,1989,0.2,1.493,88.8
OK,2003,0.23,3.225,103
NH,1974,0.11,0.408,269.8
VA,2019,0.3,5.732,51.6
WV,2006,0.55,3.478,112.2
MI,1996,0.75,2.338,82.9
WA,2000,0.825,3.816,52.8
MA,1998,0.76,2.822,63.6
MN,1988,0.38,1.525,94.1
MI,1987,0.21,1.222,122.1
ID,1983,0.091,0.885,111.3
AK,1970,0.08,0.418,121.3
RI,1997,0.61,2.322,90
AL,1997,0.165,1.805,104.9
MS,1984,0.11,0.984,116.4
HI,2004,1.4,5.044,47.4
DE,2016,1.6,5.993,68.1
WY,2006,0.6,3.724,78.8
ND,2008,0.44,3.536,74
NM,2007,0.91,4.057,34.6
UT,2016,1.7,6.504,18.5
MT,1976,0.12,0.476,124.9
OR,1987,0.27,1.308,108.9
CT,1993,0.45,2.056,79.1
PA,1984,0.18,1.001,115.3
MT,1981,0.12,0.657,121.1
FL,2001,0.339,3.324,78.6
MS,1988,0.18,1.258,109
AL,1975,0.12,0.504,111.7
OK,2015,1.03,5.708,62.6
VT,1996,0.2,2.019,102.5
SD,2011,1.53,5.842,43.8
MA,1982,0.21,0.887,122.3
WI,1993,0.38,1.786,91.2
MN,1976,0.18,0.531,116.7
CT,1985,0.26,1.185,111
WV,2016,0.55,5.668,95.5
SD,1992,0.23,1.803,93
MD,1975,0.1,0.461,146.1
CA,1978,0.1,0.601,126.1
TX,2013,1.41,5.747,36.2
WA,1989,0.34,1.675,86.1
OR,1991,0.28,1.772,100.1
VA,1980,0.025,0.518,148.9
SD,1991,0.23,1.63,91.8
NJ,2018,2.7,7.666,25.8
PA,1998,0.31,2.05,92.1
MI,2002,0.75,4.345,78.1
MA,1994,0.51,2.056,77
OK,2012,1.03,5.4,71.3
MO,2001,0.17,3.04,107.8
LA,2006,0.36,3.498,77.3
TX,2012,1.41,5.659,36.7
AZ,1983,0.13,0.928,111.1
NJ,2017,2.7,7.579,27.3
HI,1977,0.11,0.567,95.1
NV,2005,0.8,3.752,69.7
MA,1979,0.21,0.682,118.2
WA,1987,0.31,1.414,91.3
SD,1980,0.14,0.623,114.7
ID,1991,0.18,1.672,85.4
MD,1995,0.36,1.778,77.1
KY,1995,0.03,1.398,175.3
AL,2003,0.165,3.234,82.2
WY,1997,0.12,1.688,108.8
IN,1980,0.105,0.583,146.9
LA,2008,0.36,3.756,87.9
MN,1979,0.18,0.63,118.3
MT,1990,0.16,1.436,84.7
IA,2008,1.36,4.507,57.6
OR,2003,1.28,4.239,60.9
ND,2017,0.44,4.966,65.2
NM,1970,0.12,0.417,90
WY,2009,0.6,4.681,76.7
OR,1971,0.04,0.305,157.9
SC,1972,0.06,0.335,118.7
NC,1971,0.02,0.287,187.6
WI,2015,2.52,7.447,39.5
WA,2002,1.425,4.773,45
GA,1996,0.12,1.589,102.7
MN,2001,0.48,3.476,74.2
OK,2014,1.03,5.497,64.3
WV,2018,1.2,6.035,75.7
DE,1987,0.14,1.193,141
AK,2018,2,9.37,31.1
MO,2000,0.17,2.822,113.8
DC,2016,2.91,7.704,14.8
NJ,1973,0.19,0.502,120.2
OH,2012,1.25,5.525,55.7
IL,2003,0.98,4.058,51.4
RI,1991,0.37,1.9,103.6
ND,1981,0.12,0.678,125.7
AK,1979,0.08,0.609,138.1
ID,2014,0.57,5.059,40.8
AZ,2003,1.18,4.031,48.2
MI,1979,0.11,0.603,140.9
OH,2001,0.24,3.102,100
VT,1976,0.12,0.47,171.1
MO,2003,0.17,3.161,106.4
ND,1988,0.27,1.359,87.1
CT,2014,3.4,8.211,30.1
KY,2016,0.6,5.015,87
WV,1991,0.17,1.582,100.1
MA,2006,1.51,5.001,44.1
DC,1992,0.17,2.121,82.6
NC,1993,0.05,1.359,129.7
AZ,1993,0.18,1.621,80.3
UT,1990,0.23,1.671,53.4
PA,1976,0.18,0.533,118.8
OR,2010,1.18,5.411,44.7
MD,1980,0.1,0.628,131.5
NC,1989,0.02,1.164,139.3
IN,1999,0.155,2.602,133.3
NC,2010,0.45,4.591,61.5
IA,1989,0.31,1.496,94.4
MI,1990,0.25,1.449,114.4
OH,2016,1.6,6.227,50.8
AZ,2019,2,7.513,20.7
AR,1981,0.1775,0.721,128.7
CO,2014,0.84,5.431,36.7
MA,2001,0.76,3.994,54.8
VT,1987,0.17,1.237,128.3
MI,2013,2,6.562,45.4
WV,1976,0.12,0.489,129.7
RI,1988,0.25,1.348,138
KS,2004,0.79,3.748,56.3
MN,1982,0.18,0.873,119.4
DC,2018,2.94,9.863,12.9
LA,1993,0.2,1.574,106.2
MD,1996,0.36,1.907,75
UT,1977,0.08,0.495,78.9
DE,1989,0.14,1.4,131.7
NE,1971,0.13,0.411,108.6
KS,1972,0.11,0.393,111
KY,1973,0.03,0.315,201.9
NC,1985,0.02,0.837,156.3
CA,1988,0.1,1.264,90.1
DC,1999,0.65,3.24,50.8
VA,1993,0.025,1.565,105.4
AZ,2008,2,5.466,31.8
DC,2003,1,4.104,45.6
FL,2002,0.339,3.391,77.9
GA,1994,0.12,1.538,107.8
PA,1993,0.31,1.581,94.7
NH,2002,0.52,3.577,131.6
ID,1998,0.28,2.107,78.9
WV,1978,0.17,0.624,131.6
NV,1971,0.1,0.406,190.5
TN,2002,0.13,3.269,103.4
VT,1988,0.17,1.297,128.7
MS,2018,0.68,5.355,56.3
MI,2012,2,6.386,46.7
ID,1980,0.091,0.592,115.2
FL,1994,0.339,1.733,93.6
VT,1982,0.12,0.77,162.3
NY,2004,1.5,5.485,33.7
OK,1992,0.23,1.824,86.3
ID,2019,0.57,5.722,35.8
ME,1981,0.16,0.697,138.9
NV,1990,0.2,1.863,137.3
WI,1984,0.25,1.068,105.6
SD,2005,0.53,3.539,68.7
NY,1998,0.56,2.536,64.9
WV,1998,0.17,1.924,114.6
KS,1987,0.24,1.239,105.2
ND,1971,0.11,0.389,98.5
AR,1978,0.1775,0.584,127.3
LA,2017,1.08,5.84,57.6
HI,1975,0.1,0.466,92.4
HI,2001,1,4.153,42.8
NH,1982,0.12,0.747,239.8
ND,2018,0.44,5.235,62.8
OR,2007,1.18,4.288,55.5
OK,1989,0.23,1.461,97.5
KY,2013,0.6,4.759,93.5
KY,1986,0.03,0.905,179.8
MA,2010,2.51,7.441,33.7
WY,1983,0.08,0.817,141.2
NV,2006,0.8,3.78,68.5
CT,1973,0.21,0.525,109.3
SC,2018,0.57,5.322,53.1
VT,1971,0.12,0.4,124.4
CT,1991,0.4,1.935,86.7
LA,2002,0.24,3.332,97
NC,1977,0.02,0.418,217
UT,1971,0.08,0.372,67.7
IN,2001,0.155,3.02,121.4
SD,1970,0.12,0.385,92.7
NE,1997,0.34,1.946,85.5
ID,1972,0.07,0.363,126.1
ID,2011,0.57,4.845,45.5
AZ,1999,0.58,3.177,61.7
MN,1972,0.18,0.456,96.8
VT,2008,1.79,5.579,51.6
DC,2006,1,4.235,42.2
NH,1993,0.25,1.578,148.9
IN,2019,0.995,5.887,56.5
NM,2000,0.21,2.916,53.8
AZ,1985,0.15,1.067,107.1
MI,2005,2,5.1,57.9
NV,2014,0.8,5.326,41.6
IN,1988,0.155,1.19,134
NH,1972,0.11,0.369,296.2
ND,2002,0.44,3.604,68.5
IN,2014,0.995,5.39,63.6
AZ,1996,0.58,2.22,71.4
NC,2005,0.05,3.29,93.8
MD,2017,2,6.873,29.2
ID,2008,0.57,3.853,55.9
AL,1977,0.12,0.551,117.1
CT,1975,0.21,0.576,110.2
MS,2010,0.68,4.811,70.3
VT,1986,0.17,1.138,131.2
IN,2015,0.995,5.41,62.7
CA,2005,0.87,3.953,33.1
CT,1982,0.21,0.956,114.7
AL,2005,0.425,3.56,82.4
MD,1983,0.13,0.842,128.2
NM,2009,0.91,5.102,32.7
OH,2005,0.55,4.097,89
WY,2017,0.6,5.327,52.4
AR,2008,0.59,3.93,77
GA,2014,0.37,4.793,49
KS,1984,0.16,0.975,121.7
VA,1999,0.025,2.528,102.1
VT,2006,1.19,4.851,63.9
ID,1974,0.091,0.403,125.6
SC,1990,0.07,1.29,118.6
AZ,2013,2,6.622,24.4
ME,1975,0.16,0.499,140.7
ND,2004,0.44,3.399,65.7
VT,1979,0.12,0.589,160.9
NJ,2015,2.7,7.38,28.3
MA,1971,0.16,0.46,121.4
IL,1981,0.12,0.696,133
TN,1990,0.13,1.374,121.8
CT,1981,0.21,0.856,116.4
NC,1997,0.05,1.676,125.6
IL,2017,1.98,7.549,30.7
LA,1997,0.2,1.859,105.3
NJ,1992,0.4,2.054,86.6
WI,1990,0.3,1.586,94.1
NC,1995,0.05,1.456,124.9
MD,2016,2,6.719,30.4
NC,2014,0.45,4.758,56.7
MA,2007,1.51,5.13,43
MN,1980,0.18,0.658,117.7
AR,1975,0.1775,0.509,114.8
NH,1996,0.25,1.766,158
TX,1999,0.41,2.923,67.8
OR,1989,0.27,1.569,106.6
OH,1981,0.15,0.683,132.8
AL,2018,0.675,5.55,54.7
UT,1984,0.12,1.046,66.3
MO,1977,0.09,0.499,140.8
RI,1993,0.37,1.689,94.1
MA,1991,0.26,1.759,93.5
CT,2006,1.51,4.67,50.9
TX,1971,0.155,0.469,108.9
IL,2012,0.98,6.854,46.5
NE,2008,0.64,3.767,63.2
ND,1982,0.12,0.779,126.8
RI,1994,0.37,2.096,91.9
WA,2018,3.025,8.316,16.1
SC,2002,0.07,3.106,97.5
KY,1983,0.03,0.754,201.1
MO,2006,0.17,3.251,105.1
TN,1972,0.13,0.408,111.5
RI,1973,0.13,0.413,142
VA,1988,0.025,1.094,129.5
SC,2019,0.57,5.569,52.6
WI,2004,0.77,3.761,69.9
TN,2019,0.62,5.545,55.5
ID,2002,0.28,3.181,63.3
TN,1995,0.13,1.559,125.4
OH,1998,0.24,1.932,106.4
MD,2019,2,7.256,26.4
ND,1980,0.12,0.62,123.7
WY,1998,0.12,1.896,102.9
AL,1972,0.12,0.421,101.1
NY,1995,0.56,2.142,70.5
RI,1982,0.23,0.84,146.3
AK,1977,0.08,0.563,159.3
NV,1984,0.15,1.093,136.6
PA,1989,0.18,1.337,107.1
MI,2010,2,6.21,48.8
OR,1996,0.38,1.976,94.3
NV,1999,0.35,3.035,103.9
IN,1998,0.155,1.9,135.9
AZ,2018,2,7.362,21.8
WA,1976,0.16,0.537,100.3
VT,2000,0.44,3.232,88.9
SC,1989,0.07,1.252,122.4
NY,2006,1.5,5.444,32.4
ME,2000,0.74,3.532,82.9
MI,1974,0.11,0.444,138.8
MN,2005,0.48,4.467,65.7
MN,2011,1.576,5.907,51.5
DE,1972,0.14,0.44,156.3
AL,1987,0.165,1.144,114
KS,1981,0.11,0.651,132
SD,1988,0.23,1.301,91.9
OK,1993,0.23,1.634,86.2
DC,1987,0.17,1.19,113
WI,2018,2.52,7.645,37.2
OR,2001,0.68,3.623,68.6
NH,1994,0.25,1.639,153.8
TX,2009,1.41,5.529,42.3
SC,1999,0.07,2.553,109.4
MN,1990,0.38,1.739,90.7
AR,1989,0.21,1.412,118.3
OK,1984,0.18,0.951,128.1
MA,1984,0.26,1.083,116
NV,1991,0.35,1.938,115.5
NJ,2003,1.5,5.47,48.1
HI,1986,0.28,1.242,61.2
MS,1992,0.18,1.778,103.9
MS,1989,0.18,1.399,108.3
ME,2005,1,5.213,71.5
ND,2019,0.44,5.429,59.9
NM,1979,0.12,0.626,101
KS,1991,0.24,1.742,91.8
WV,1980,0.17,0.662,122.3
CO,2006,0.84,4.025,53.1
TX,1983,0.185,0.938,126.4
TN,1981,0.13,0.683,129.1
NH,2013,1.68,6.009,89.6
NJ,1977,0.19,0.619,122.8
AL,1999,0.165,2.707,100.7
MA,1983,0.21,1.014,119.8
VA,1977,0.025,0.428,157.7
SC,1970,0.06,0.343,103.6
NY,1996,0.56,2.225,65.9
CT,1979,0.21,0.67,117.4
UT,1973,0.08,0.378,72.7
MO,1997,0.17,1.738,120.6
TX,2000,0.41,3.112,69.3
TX,1987,0.205,1.28,105.8
NC,1984,0.02,0.789,160.6
AL,2006,0.425,3.535,83.3
VA,1997,0.025,1.622,108
NY,2016,4.35,10.226,14
AR,1976,0.1775,0.526,119.1
KS,1975,0.11,0.466,123.4
CO,2012,0.84,5.299,40.6
CA,2014,0.87,5.475,22.7
WV,2001,0.17,2.942,109.4
NY,2017,4.35,10.376,13.3
AR,1973,0.1775,0.455,108
IL,2014,1.98,7.248,33.6
AL,1990,0.165,1.444,108.6
NV,2008,0.8,4.028,61.9
MD,2008,2,5.526,43.3
GA,2005,0.37,3.483,70.2
IL,1985,0.12,1.084,121.6
IA,2003,0.36,3.332,85.4
OK,1996,0.23,1.72,110.8
LA,2009,0.36,4.513,82.6
PA,1980,0.18,0.648,124
TN,2015,0.62,4.993,62.2
PA,1985,0.18,1.049,115.8
WI,1989,0.3,1.511,100.3
NE,2005,0.64,3.648,61
TN,1984,0.13,0.925,125.1
WV,2019,1.2,6.237,75
AR,1987,0.21,1.199,122.3
KY,2018,0.6,5.678,81.6
DE,2001,0.24,3.171,141.4
WY,2007,0.6,3.74,83
KY,1985,0.03,0.854,182.4
TN,1976,0.13,0.496,121.7
AR,1991,0.21,1.773,116.8
IA,1980,0.13,0.614,124.6
MO,1970,0.09,0.368,121.3
ME,1972,0.14,0.41,136.5
IA,1996,0.36,1.893,94
IL,2000,0.58,3.238,70
AK,1989,0.16,1.702,94.4
TN,2007,0.2,3.738,107.4
ND,1996,0.44,1.941,80.8
MT,1983,0.12,0.913,113.7
MI,1971,0.11,0.4,126.1
KY,1974,0.03,0.333,212.4
WY,1993,0.12,1.474,108.4
SD,2006,0.53,3.499,69.2
PA,2010,1.6,5.655,57
MS,2014,0.68,5.151,61.2
NJ,2009,2.575,7.147,32.6
OH,1992,0.18,1.625,112.3
CO,1970,0.05,0.311,124.8
VA,2003,0.025,3.218,95.5
AK,1981,0.08,0.728,144
HI,2012,3.2,8.571,29.8
WV,1986,0.17,1.128,112.1
IN,1994,0.155,1.463,128.2
MA,1987,0.26,1.316,113.8
DE,2011,1.6,5.621,87.6
AR,1974,0.1775,0.486,109.7
WA,2003,1.425,4.661,40.1
VT,1981,0.12,0.668,163.8
IL,2010,0.98,5.884,44.1
IA,1987,0.26,1.242,101.1
CT,1987,0.26,1.297,109
AR,1979,0.1775,0.615,126.5
NM,1993,0.15,1.584,69
MS,1985,0.18,1.06,115.3
SD,1978,0.12,0.541,116.9
GA,1979,0.12,0.593,131
LA,1972,0.11,0.399,125.3
MD,1973,0.06,0.358,137.3
MI,1972,0.11,0.402,131.4
PA,2014,1.6,6.463,50.8
TX,1974,0.185,0.506,114.7
GA,2001,0.12,3.069,85.9
DC,1981,0.13,0.748,131.9
RI,2013,3.5,8.219,35.3
ME,2004,1,4.057,72.4
AR,1980,0.1775,0.647,131.8
WI,2013,2.52,7.421,39.8
UT,1999,0.515,3.129,43.9
DC,2010,2.5,7.13,23.1
AL,1996,0.165,1.674,101.4
DE,2000,0.24,2.887,140.7
WY,1975,0.08,0.426,160.7
NY,1975,0.15,0.542,123.9
MD,1992,0.16,1.937,91.7
MI,1977,0.11,0.54,140.3
NY,1993,0.39,2.077,78.2
SC,2008,0.07,3.319,89.1
VA,1994,0.025,1.575,106.2
IA,1971,0.13,0.419,108.4
CA,2013,0.87,5.51,23.9
IN,2004,0.555,3.451,97.7
HI,1987,0.3,1.338,54.7
TN,2004,0.2,3.182,96.5
ID,1973,0.091,0.38,121.8
AR,1995,0.315,1.671,113
NM,1978,0.12,0.576,103.1
MN,2006,1.485,4.589,55.6
TX,1982,0.185,0.841,131.2
NC,2002,0.05,3.072,98.5
TN,2010,0.62,4.784,72.6
NE,1995,0.34,1.755,88.5
DE,1991,0.14,1.747,118.8
MN,1978,0.18,0.609,118.9
TX,1970,0.155,0.42,106.4
CA,1991,0.35,2.019,68.7
ME,2017,2,7.066,49.6
MO,2019,0.17,5.208,72.2
WI,2010,2.52,7.021,48.2
DE,2005,0.55,3.484,178.8
OK,1986,0.18,1.144,119.9
WI,1975,0.16,0.513,113.5
AZ,2000,0.58,3.458,58.5
IN,1987,0.105,1.093,134
AR,1982,0.1775,0.82,127.4
FL,2003,0.339,3.312,76.7
FL,1986,0.21,1.208,124.7
NM,1990,0.15,1.469,70.8
MI,1981,0.11,0.68,139.5
MI,2006,2,5.293,56.5
IL,1988,0.2,1.327,107.6
MA,1978,0.21,0.645,120.5
MT,2017,1.7,6.535,41.1
MO,2010,0.17,4.106,92.3
IL,1975,0.12,0.484,131.8
IL,1983,0.12,0.896,127.9
MN,1999,0.48,3.036,80.7
WV,2013,0.55,4.83,103.1
PA,1978,0.18,0.606,122.3
UT,1974,0.08,0.405,75.6
NV,1975,0.1,0.449,205.2
WY,1987,0.08,1.129,110.4
KY,2011,0.6,4.736,103.7
SD,1979,0.12,0.588,117.4
ME,1988,0.28,1.444,125
NM,2013,1.66,6.168,26.4
NH,1995,0.25,1.686,158.5
SC,1983,0.07,0.813,131.1
WV,1973,0.12,0.42,116.6
VT,1989,0.17,1.437,120.9
AL,2012,0.425,4.841,67.2
ND,1974,0.11,0.426,110.5
OK,1981,0.18,0.717,143.7
CA,1980,0.1,0.664,120.2
GA,1981,0.12,0.678,131.7
DC,1984,0.13,1.004,124.6
CO,2005,0.84,4.036,57.9
FL,1998,0.339,2.156,91.7
OK,1979,0.13,0.629,141.6
FL,2014,1.339,5.548,42.4
AZ,2010,2,6.459,24.8
NH,1980,0.12,0.584,247.8
KS,2014,0.79,5.247,39.5
NJ,2019,2.7,8.061,24.1
MN,2009,1.56,5.671,48.7
TX,1991,0.26,1.86,79.6
MO,2016,0.17,4.615,83.4
TX,1978,0.185,0.622,126.6
ME,1990,0.28,1.589,117.5
IN,2006,0.555,3.49,98.7
VA,1986,0.025,0.946,135.8
MA,1992,0.26,1.806,90.5
KS,1986,0.24,1.145,109.4
MT,2012,1.7,6.128,45.5
MN,1991,0.38,1.977,86.2
SD,2012,1.53,5.831,42.8
AK,1993,0.29,2.009,95.2
DC,2017,2.92,7.936,13.2
AR,1971,0.1775,0.441,104.1
AK,1985,0.08,1.1,128.9
RI,2004,1.71,5.452,61.1
WA,1970,0.11,0.403,96.7
MN,1995,0.48,2.086,84.1
ME,1974,0.14,0.467,142.1
WI,2005,0.77,3.783,70.1
LA,1999,0.2,2.812,101
GA,1970,0.08,0.358,109.9
AR,2013,1.15,5.521,57.5
MI,2003,1.25,4.334,72.3
DC,1979,0.13,0.656,128.5
CA,2009,0.87,5.087,28.8
VT,1997,0.44,2.139,97.7
ME,1976,0.16,0.509,144.9
TN,1978,0.13,0.573,127.3
ME,2014,2,6.529,47.4
AR,1985,0.21,1.036,125.8
DC,1991,0.17,1.874,82.2
AZ,2005,1.18,4.156,42.3
MD,1970,0.06,0.342,123.5
WV,1997,0.17,1.711,114.5
OH,2006,1.25,4.19,70.5
HI,1989,0.33,1.655,57.4
IN,2009,0.995,4.814,78.9
AL,1984,0.16,0.99,113
NE,2015,0.64,5.234,46.6
WA,1984,0.23,1.144,96.2
MA,1990,0.26,1.633,99.4
AK,2003,1,4.415,63.6
AK,1980,0.08,0.635,134
OH,1999,0.24,2.654,104
RI,2002,1.32,4.42,74.7
FL,2006,0.339,3.435,71.9
GA,1987,0.12,1.092,129.3
CA,1977,0.1,0.587,126.4
RI,2018,4.25,9.597,31.4
MD,1994,0.36,1.763,80.8
KS,1995,0.24,1.677,90.1
NC,2001,0.05,2.912,100.1
MS,1973,0.09,0.414,115
AK,1983,0.08,0.962,146.9
WV,1972,0.12,0.399,117.5
TX,2010,1.41,5.642,38.2
KY,2006,0.3,3.324,145.3
WV,1994,0.17,1.568,104.2
ND,1977,0.11,0.532,122.2
MT,1988,0.16,1.23,87.1
NY,2002,1.5,5.684,46.5
CO,1971,0.05,0.312,125.5
GA,2000,0.12,2.878,88.1
AR,1998,0.315,2.069,109.5
NH,2004,0.52,3.516,148.4
MN,2002,0.48,3.523,71
NH,1978,0.12,0.532,269.6
GA,1980,0.12,0.626,134
IL,1982,0.12,0.808,130.7
FL,1981,0.21,0.79,132.8
MI,2015,2,6.673,44.5
NY,1992,0.39,2.038,82.4
ID,1987,0.18,1.219,95
MT,1995,0.18,1.568,90.5
AL,2014,0.425,5.102,61.7
VT,1975,0.12,0.471,155.5
AK,2000,1,4.397,66
SC,1979,0.07,0.523,135.7
IN,2002,0.155,3.574,121.4
MI,1997,0.75,2.43,75.6
TX,2007,1.41,4.455,49.3
IA,2010,1.36,5.736,51.3
MD,2006,1,4.11,48.9
LA,1992,0.2,1.805,108.5
AL,2004,0.425,3.569,87.9
AK,1972,0.08,0.42,130
WA,2012,3.025,7.693,20.3
IN,1992,0.155,1.575,128.2
NC,1979,0.02,0.473,197.3
WI,2003,0.77,3.813,71
NJ,1979,0.19,0.664,123.8
CT,1971,0.16,0.513,117.6
ND,1972,0.11,0.394,103.8
AR,2006,0.59,3.714,81.4
CO,2017,0.84,5.696,34.5
HI,1985,0.24,1.172,69.8
MI,1976,0.11,0.483,138
AZ,2007,2,5.202,37.5
MI,2004,1.25,5.087,68.5
OK,2009,1.03,5.209,79
KY,1980,0.03,0.494,215.3
RI,2009,3.46,7.735,44.7
MO,1994,0.13,1.503,119.4
IL,1973,0.12,0.419,124.4
NE,1986,0.23,1.137,103.1
AR,2001,0.315,3.3,101.7
CO,1975,0.1,0.448,131
NJ,2011,2.7,7.372,32.5
IA,1970,0.1,0.385,108.5
MO,2018,0.17,4.956,75.3
CA,1992,0.35,2.051,67.5
SD,1985,0.15,1.085,104.4
CT,2018,4.35,9.753,23.8
AZ,2009,2,6.274,28.6
AK,1986,0.16,1.215,126.3
ME,2009,2,6.241,52.3
VA,1978,0.025,0.458,155.9
CO,2003,0.2,3.214,63.8
VT,2009,1.99,6.657,48.9
KS,2012,0.79,5.154,43
GA,2015,0.37,4.82,47.3
DE,2002,0.24,3.23,142.4
VT,2014,2.62,7.689,40.4
CT,2011,3,8.005,36.3
OH,2009,1.25,5.37,61.6
MD,1990,0.13,1.416,102.8
KY,2000,0.03,2.586,156.2
IA,1997,0.36,1.938,93.9
ID,1996,0.28,1.844,73.6
AZ,1991,0.15,1.657,81.2
AL,1976,0.12,0.501,116.2
NC,1998,0.05,1.868,126
PA,2019,2.6,8.238,35.7
SC,1980,0.07,0.547,138.3
WV,1987,0.17,1.222,107.5
WI,1985,0.25,1.108,107
WV,2007,0.55,3.567,110.5
RI,2015,3.5,8.62,36.8
MA,2017,3.51,9.398,24.3
WY,1985,0.08,0.978,125.7
MO,2015,0.17,4.532,81.8
OR,1973,0.09,0.366,155.3
AR,2019,1.15,6.259,47.6
OH,2000,0.24,2.793,99.9
OH,1994,0.24,1.556,108.6
OH,1987,0.14,1.084,124.6
IL,1999,0.58,3.127,72.2
LA,1976,0.11,0.489,139.6
OH,1979,0.15,0.587,130.9
OH,1973,0.15,0.429,120.5
IL,1978,0.12,0.568,136.7
NV,2001,0.35,3.221,90.5
OH,1978,0.15,0.563,131.3
MN,1971,0.13,0.452,116.4
WY,1991,0.12,1.551,109.1
DE,1971,0.11,0.447,161.1
DE,1990,0.14,1.432,127.2
NJ,2005,2.4,5.615,37.5
MT,2009,1.7,5.766,49.8
NJ,2000,0.8,3.637,60.1
NJ,2006,2.4,5.989,37.7
IN,2013,0.995,5.257,66.9
RI,2006,2.46,5.712,47.3
PA,2002,0.31,3.977,86.9
TN,2012,0.62,4.832,68.3
AZ,2016,2,6.923,23.1
TX,2015,1.41,5.946,33.8
NC,1972,0.02,0.289,214.1
ID,2016,0.57,5.213,40.7
DC,1977,0.13,0.598,136.7
TN,1992,0.13,1.702,121
WA,2016,3.025,7.986,18
NE,1980,0.13,0.609,116.3
GA,2009,0.37,4.531,58.8
DE,2009,1.15,5.351,122.8
NJ,1974,0.19,0.528,121.4
NM,1987,0.15,1.137,82.3
ME,2015,2,6.669,46.9
VT,2019,3.08,8.823,31.5
NH,1987,0.17,1.135,195.1
NM,1981,0.12,0.694,103
AR,1999,0.315,2.793,104.8
AL,1991,0.165,1.722,107.9
MN,2019,3.628,9.128,24.6
WY,2019,0.6,5.679,49.4
MO,1975,0.09,0.447,135.6
ND,1975,0.11,0.459,117.9
ND,1985,0.18,1.042,103.2
MT,1982,0.12,0.772,122.4
RI,2016,3.75,8.822,35.2
OR,2006,1.18,4.21,54.7
AK,1992,0.29,2.191,98.5
MD,1989,0.13,1.315,109
MN,1985,0.18,1.163,113
MT,1977,0.12,0.519,127
DE,1984,0.14,0.987,144
CT,1970,0.16,0.455,120
VA,2001,0.025,2.945,94.1
AK,1995,0.29,2.125,89.5
IL,1986,0.2,1.162,118.2
WY,2011,0.6,4.857,70.5
PA,2016,1.6,7.804,48.2
VT,2018,3.08,8.582,32.8
ME,1992,0.33,1.926,114.7
CA,1973,0.1,0.419,124.4
WV,2010,0.55,4.588,113
AK,2014,2,8.901,37.2
OR,2017,1.32,6.124,38.3
SD,1995,0.23,1.712,98.6
NH,2018,1.78,6.611,83.4
MT,1974,0.12,0.437,121.9
VA,1970,0.025,0.302,124.3
WV,1971,0.12,0.413,111.5
FL,1973,0.17,0.481,132.6
OH,2019,1.6,6.62,45.7
SC,1981,0.07,0.619,136.1
VA,1990,0.025,1.365,118.9
WY,2001,0.12,3.103,92.9
AZ,1982,0.13,0.805,113.5
AZ,2012,2,6.6,25
MN,2004,0.48,3.515,73
OH,1988,0.18,1.205,122.4
CA,2004,0.87,3.841,33.1
TX,2001,0.41,3.267,62.1
KY,2004,0.03,3.01,174.4
MA,2016,3.51,9.076,25.6
DE,1994,0.24,1.607,126.1
IN,2003,0.555,3.514,101.1
OR,1986,0.27,1.171,112
ME,2011,2,6.501,51.1
WV,1985,0.17,1.041,109.1
FL,2019,1.339,6.262,36.2
RI,2001,0.71,3.869,79.5
ID,2009,0.57,4.564,52.4
OK,2005,1.03,4.004,98.2
IL,2018,1.98,7.604,28.3
CA,2000,0.87,3.655,41.6
MO,2009,0.17,4.036,97.2
FL,1989,0.24,1.501,113.8
MO,1991,0.13,1.531,119.9
OK,1974,0.13,0.436,130.5
AK,1982,0.08,0.86,148.3
ID,1971,0.07,0.337,108.5
MT,1971,0.12,0.401,115.6
DE,2010,1.6,5.577,95
WV,1992,0.17,1.662,98
OK,1994,0.23,1.611,104.8
OH,1983,0.14,0.892,130
NH,1999,0.37,3.139,171.7
ID,1990,0.18,1.444,90.1
AK,2001,1,4.433,65.2
MS,2012,0.68,4.902,66.5
MS,1978,0.11,0.565,124.9
RI,2017,3.75,9.429,34.2
MN,1993,0.43,1.961,81.6
DE,1981,0.14,0.741,152.6
HI,2018,3.2,9.317,24.2
TX,2016,1.41,6.043,32.8
NC,1973,0.02,0.301,226.5
RI,1990,0.27,1.703,101.4
NC,2004,0.05,3.034,95.6
KS,1996,0.24,1.713,88.7
GA,1971,0.12,0.409,115.7
GA,2004,0.37,3.362,68.1
MN,1998,0.48,2.274,83.2
CO,1990,0.2,1.457,87.4
SD,2017,1.53,6.455,41.6
WY,2000,0.12,2.912,90.5
SD,1974,0.12,0.428,108.4
DE,2018,2.1,6.846,64.2
NY,2014,4.35,10.066,15.4
TX,1989,0.26,1.457,94.5
DE,1982,0.14,0.82,154.1
FL,2007,0.339,3.606,69.9
NJ,1970,0.14,0.417,120.7
NJ,2008,2.575,6.222,34.2
ID,1989,0.18,1.413,78.4
ME,2018,2,7.111,45.4
MS,1986,0.18,1.158,113.2
VA,2006,0.3,3.504,78.9
MD,1998,0.36,2.195,72
NC,1988,0.02,1.076,146
CT,2016,3.65,8.892,28.3
AR,1984,0.21,0.985,123.1
RI,1977,0.18,0.563,148.8
ME,1983,0.16,0.937,135.4
CO,1985,0.15,0.951,112.4
MT,1999,0.18,2.607,82.6
WV,1989,0.17,1.429,104
TX,1990,0.26,1.736,85.6
WA,1981,0.16,0.803,112.7
NM,2008,0.91,4.197,34
NE,1976,0.13,0.481,118.1
KS,2008,0.79,4.082,51.7
MI,1970,0.11,0.392,128.6
MT,1980,0.12,0.604,122
IL,2002,0.58,4.038,70.9
RI,1975,0.18,0.522,154.7
NY,1976,0.15,0.538,124.6
AZ,1978,0.13,0.586,124.7
IL,1992,0.3,1.875,94.8
MA,2003,1.51,5.153,47.5
AL,2016,0.675,5.41,60.1
WA,1998,0.825,2.867,56.4
WI,2006,0.77,3.868,71.3
ND,2011,0.44,4.506,69
FL,2005,0.339,3.433,75.3
NM,1973,0.12,0.437,98.9
AR,1988,0.21,1.277,121.5
NY,1980,0.15,0.659,127.6
NC,1981,0.02,0.555,179.3
MS,2013,0.68,4.875,63.9
VA,2005,0.3,3.529,82.5
MI,1980,0.11,0.618,140.7
DC,1972,0.04,0.345,220.6
TN,1991,0.13,1.639,120.6
WI,2009,1.77,6.921,55.3
CA,2012,0.87,5.4,25.2
FL,1990,0.24,1.748,110.1
MS,1995,0.18,1.612,107.5
WA,2005,1.425,5.284,37.2
TN,1996,0.13,1.611,119.2
NC,2017,0.45,4.975,54.5
TX,2004,0.41,3.364,55.8
LA,2015,0.36,5.457,73.8
NY,1970,0.12,0.417,119
AK,1997,0.29,2.97,81.7
IA,1988,0.34,1.451,100.2
HI,1997,0.6,2.603,49.1
ME,1996,0.37,1.902,100
SD,1971,0.12,0.391,96.7
NV,2017,1.8,6.446,36.3
ME,2013,2,6.452,48.5
NH,1998,0.25,2.228,173.8
NJ,1987,0.25,1.318,111.6
SD,2013,1.53,5.766,42.7
GA,1977,0.12,0.547,127.9
RI,2003,1.32,4.802,67.3
LA,1982,0.11,0.807,143.9
DC,2008,1,5.096,38.1
NH,2011,1.78,5.93,92.9
WI,1981,0.16,0.75,119.9
CT,1976,0.21,0.584,113.4
VT,1983,0.12,0.906,153.8
DC,1983,0.13,0.985,124.5
NV,1988,0.2,1.456,141.9
DC,2005,1,4.256,37.3
ID,1984,0.091,0.976,103.6
HI,1983,0.21,1.039,80
IL,1974,0.12,0.452,131.9
CO,2015,0.84,5.443,36.3
VT,2016,3.08,8.034,37.4
CT,2019,4.35,10.043,21.9
NC,1987,0.02,0.96,150.5
CA,1986,0.1,1.039,99.7
VA,1982,0.025,0.688,147.4
MA,2013,2.51,8.683,32.2
LA,1996,0.2,1.669,106.8
NJ,1998,0.4,2.732,72.6
ME,1973,0.14,0.418,138
WA,1977,0.16,0.586,99.3
ME,1993,0.37,1.783,108.5
SD,2007,1.53,4.391,58.5
ID,1978,0.091,0.554,122.8
AL,1993,0.165,1.546,108.5
MT,2018,1.7,6.692,37.2
LA,1990,0.16,1.496,101.5
TN,1994,0.13,1.53,118.8
OH,1989,0.18,1.354,118.6
LA,2001,0.24,3.122,83.1
IA,2004,0.36,3.273,83.7
TX,1980,0.185,0.669,129.7
NE,2009,0.64,4.693,59.8
TX,1977,0.185,0.591,124.2
RI,1987,0.25,1.215,124.4
AK,2008,2,6.69,47
WY,2005,0.6,3.65,76.4
HI,1995,0.6,2.311,45.7
MT,2006,1.7,4.914,51.6
MN,2013,1.6,7.616,43.1
NV,1987,0.15,1.296,147.7
UT,1986,0.12,1.086,64.4
WA,2007,2.025,5.512,32.4
DE,1988,0.14,1.24,137.1
ND,2013,0.44,4.552,72.5
TN,1998,0.13,1.895,119.7
VA,2014,0.3,4.911,67
MN,1983,0.18,0.992,113.2
TN,1977,0.13,0.548,124.6
MO,1972,0.09,0.377,130
SC,1996,0.07,1.539,102.9
NM,1989,0.15,1.336,74.4
AR,2009,1.15,5.288,72.6
NH,2005,0.52,3.725,138.6
MT,1989,0.16,1.404,86.2
WA,1971,0.16,0.461,97
CA,1994,0.37,1.951,58.6
PA,1994,0.31,1.617,95.4
IN,1978,0.105,0.525,150.9
IL,1991,0.3,1.798,96.1
DE,2012,1.6,5.833,84.9
CT,2010,3,7.548,40.8
WY,1972,0.08,0.344,140
NH,1992,0.25,1.811,143.7
MT,2008,1.7,5.008,52.6
MD,1991,0.13,1.591,97.6
MS,2005,0.18,3.179,88.8
VA,2002,0.025,3.076,92.1
TX,1993,0.41,1.777,81.3
ND,2010,0.44,4.409,69.3
OH,2017,1.6,6.307,50.1
MD,2010,2,6.252,35
MN,2014,3.342,7.814,31.4
TX,2018,1.41,6.318,29.1
PA,1975,0.18,0.523,114.6
OR,1980,0.09,0.569,146.5
IN,2011,0.995,5.199,69.6
TX,1972,0.185,0.464,108.6
DC,1978,0.13,0.593,130.3
UT,2003,0.695,3.701,36.5
CO,1992,0.2,1.682,88.3
KY,1984,0.03,0.793,183.2
FL,1974,0.17,0.517,136
RI,1996,0.56,2.17,87.5
VA,1992,0.025,1.657,108.2
NH,1977,0.12,0.497,278.8
MA,1974,0.16,0.494,124.3
MO,1985,0.13,1.019,129.2
NJ,1993,0.4,1.829,82.9
SC,2005,0.07,3.147,94
TN,1970,0.13,0.416,99.8
ME,1989,0.28,1.601,122.4
NM,2005,0.91,3.81,35.5
MI,1995,0.75,2.293,82.8
NE,1978,0.13,0.554,117.4
ME,1986,0.28,1.212,119
LA,2019,1.08,6.084,50.8
IA,2011,1.36,5.781,49.1
NY,2013,4.35,10.03,16.6
IN,1989,0.155,1.308,132.5
DE,2006,0.55,3.56,183.6
KY,2008,0.3,3.482,141.9
IL,1997,0.44,2.023,79.6
SD,2008,1.53,4.582,49.5
MN,1970,0.13,0.401,104.3
ID,2018,0.57,5.547,37.7
SD,1975,0.12,0.45,113.5
GA,1978,0.12,0.566,130.6
OK,1983,0.18,0.933,140
WI,1997,0.44,2.108,91.9
WY,1999,0.12,2.671,104.8
LA,2014,0.36,4.724,65.1
NM,1995,0.21,1.708,67
PA,2004,1.35,4.303,68.9
NC,2003,0.05,3.112,97.7
AZ,2017,2,7.104,22.5
CT,1995,0.47,2.063,79.3
SD,1999,0.33,2.729,83.5
MN,1996,0.48,2.168,81.7
NM,1977,0.12,0.56,102.4
NM,2006,0.91,3.823,35.4
VA,1995,0.025,1.596,106.7
WA,1988,0.31,1.506,88.2
MS,2011,0.68,4.948,67.9
NY,1983,0.21,1.008,124.6
ND,1993,0.29,1.801,83
FL,1978,0.21,0.665,133.4
NC,1982,0.02,0.66,179
VA,2004,0.025,3.282,97.4
NV,1970,0.1,0.44,189.5
WA,2009,2.025,6.568,30.1
DC,1973,0.06,0.36,209.4
TX,1992,0.41,2.046,77.2
CA,1989,0.35,1.638,82.4
LA,1987,0.16,1.204,116.5
NV,1980,0.1,0.633,177.7
AL,1979,0.12,0.606,121.4
AR,1994,0.345,1.673,108.8
NE,2016,0.64,5.355,46.3
ME,2003,1,4.281,74.6
MT,2005,1.7,4.814,63.5
ME,1977,0.16,0.55,145.6
WV,1990,0.17,1.441,104.1
CA,1999,0.87,3.512,47.2
TX,1973,0.185,0.475,110.4
CO,1986,0.15,1.086,109.9
KS,1985,0.16,1.03,115.7
MT,1970,0.08,0.347,111.2
WI,2011,2.52,7.125,42.5
WI,2007,0.77,4.093,69.7
MD,1997,0.36,1.973,72.7
TN,1985,0.13,0.988,128.7
CO,1980,0.1,0.581,131
NH,2008,1.08,4.423,113.5
UT,2000,0.515,3.312,40.7
NC,2013,0.45,4.627,57.5
OR,1995,0.38,1.908,94.6
HI,1984,0.23,1.08,75.7
HI,1982,0.17,0.905,77.7
DC,2015,2.9,7.509,15.8
NY,2007,1.5,5.472,32.3
DE,1983,0.14,0.911,149.6
WV,1977,0.12,0.539,133.9
MI,2007,2,5.35,55
OK,2004,0.23,3.222,101.6
ND,1976,0.11,0.474,125.4
CT,2015,3.4,8.6,28.6
WI,1973,0.16,0.439,109.5
NJ,1976,0.19,0.569,122.4
ND,2016,0.44,4.806,70.2
CO,2000,0.2,2.933,73
AZ,1992,0.18,1.836,79
OH,2008,1.25,4.477,64.7
OH,2014,1.25,5.673,53.3
NV,1996,0.35,1.985,99
MD,2001,0.66,3.697,58.1
MD,2014,2,6.47,31.6
FL,1997,0.339,1.918,93
PA,2000,0.31,2.919,87.9
KS,2002,0.24,3.726,77.5
AZ,2015,2,6.916,23
DC,1985,0.13,1.093,122.1
UT,2009,0.695,4.672,27.6
MO,1998,0.17,1.97,120.1
FL,2016,1.339,5.789,41.5
WI,2000,0.59,3.304,80.1
UT,1981,0.1,0.681,77.6
WI,2019,2.52,7.93,35.4
TN,2017,0.62,5.206,59.2
LA,1973,0.11,0.416,126.7
MN,2003,0.48,3.429,71.7
MA,1981,0.21,0.781,123.2
NH,1981,0.12,0.67,245.4
AK,1999,1,4.047,70.5
CT,2001,0.5,3.545,68.7
SD,2003,0.53,3.483,73.2
WY,2013,0.6,5.018,60.8
MS,1975,0.11,0.464,116.8
LA,1994,0.2,1.558,105.3
NC,2000,0.05,2.767,109
OK,1976,0.13,0.479,138.6
CA,1981,0.1,0.728,118.6
KY,2010,0.6,4.584,110.7
AL,1989,0.165,1.391,105.6
FL,1985,0.21,1.138,124.2
NC,2011,0.45,4.612,60.9
WA,2015,3.025,7.852,18.8
TX,1975,0.185,0.533,116
KY,2019,1.1,5.882,73.3
KS,2007,0.79,4.11,53.1
TX,1976,0.185,0.533,121.4
CT,1994,0.45,2.054,76.6
TX,1997,0.41,2.018,72.6
NH,1975,0.11,0.439,269.1
OR,1970,0.04,0.29,157
NY,1990,0.33,1.804,93.7
CT,1983,0.21,1.135,114.1
NE,2018,0.64,5.544,43.4
TN,1988,0.13,1.215,125.3
CT,1997,0.5,2.179,75.9
IN,1975,0.06,0.387,162.4
NV,2003,0.35,3.767,86.6
AZ,1995,0.18,2.079,77.3
KS,1973,0.11,0.402,115.2
LA,2005,0.36,3.407,91
CA,1996,0.37,2.003,54.5
WI,2008,1.77,5.027,66.7
VA,2011,0.3,4.658,67.1
GA,2010,0.37,4.573,55.3
PA,1982,0.18,0.817,123.3
NV,2000,0.35,3.184,93.2
KY,2007,0.3,3.464,141.9
GA,2017,0.37,5.005,45.6
KS,1997,0.24,1.843,89.2
WY,2004,0.6,3.621,47.5
AL,2011,0.425,4.845,68.4
MI,2016,2,6.689,44.9
CO,2013,0.84,5.415,38.3
MD,1981,0.13,0.654,137.1
RI,1999,0.71,3.229,86.9
PA,1971,0.18,0.447,106.3
MD,2003,1,4.105,49.5
CO,2008,0.84,4.203,48.4
ME,1984,0.2,0.981,135.5
AK,2017,2,9.253,32.9
HI,2007,1.6,5.74,43.7
HI,1991,0.38,2.049,54.7
PA,1973,0.18,0.466,110.7
UT,2018,1.7,6.777,17.1
LA,1986,0.16,1.178,121.2
DE,2017,1.6,6.618,72.6
TN,2001,0.13,3.071,103.5
SD,2018,1.53,6.534,40.2
NE,1990,0.27,1.522,89.9
MS,1970,0.09,0.375,93.4
NE,1993,0.27,1.696,91.1
NY,1988,0.21,1.367,106.2
AL,1985,0.165,1.03,114.5
KS,1992,0.24,1.742,90
LA,2013,0.36,4.627,73.3
NH,2019,1.78,6.788,78.4
HI,1980,0.14,0.676,89.4
MO,1989,0.13,1.291,122.8
WY,1986,0.08,1.027,124.8
GA,2019,0.37,5.354,43.3
MN,2008,1.493,4.814,50.9
OK,2018,1.03,7.139,58.1
NJ,1996,0.4,1.946,79.1
KS,2003,0.79,3.87,60.7
WV,1974,0.12,0.452,119.9
VT,2012,2.62,7.494,45.7
ND,1983,0.18,0.944,119.6
PA,1974,0.18,0.498,114.2
AK,2007,1.8,6.351,52.9
HI,1976,0.1,0.494,99.4
HI,2005,1.4,4.981,47
MO,1978,0.09,0.522,141.8
CO,1976,0.1,0.447,134.2
NH,1979,0.12,0.553,254.6
FL,2004,0.339,3.247,74.2
MN,2010,1.56,5.785,46.5
WY,1977,0.08,0.498,160.4
NM,2015,1.66,6.432,25.8
MT,2001,0.18,3.093,74.8
WV,2003,0.55,3.463,122.2
NY,1979,0.15,0.644,124.4
TN,2014,0.62,5.003,62.6
MN,1973,0.18,0.47,106.8
WY,2016,0.6,5.264,54.6
NC,2006,0.3,3.289,89.6
VT,1978,0.12,0.548,162.4
WA,2010,3.025,7.613,25.6
OR,2000,0.68,3.456,72
AZ,1972,0.1,0.387,125
UT,2015,1.7,6.366,20
WA,2001,0.825,3.953,50.2
AL,1971,0.12,0.423,95.4
OH,1990,0.18,1.398,115.5
NM,1997,0.21,1.838,61.8
NY,1985,0.21,1.112,115.9
GA,1984,0.12,0.907,126.3
TN,1982,0.13,0.791,131.4
IN,1976,0.06,0.406,166.6
AL,2009,0.425,4.548,75.6
HI,2006,1.4,5.269,48
MO,1987,0.13,1.146,128.7
CT,2008,2,5.584,47.4
PA,1981,0.18,0.698,125.2
ND,1994,0.29,1.795,81
MI,2017,2,6.717,44.4
IA,1995,0.36,1.838,93
AL,2007,0.425,3.759,80.2
NJ,1991,0.27,1.911,86.7
IA,2009,1.36,5.327,53.8
MA,2019,3.51,9.754,21.3
DE,1986,0.14,1.114,142.4
CO,1998,0.2,2.042,81.2
MT,2003,0.7,3.834,71.7
IL,2009,0.98,5.631,45.2
MT,1979,0.12,0.567,120.3
PA,2012,1.6,5.872,55
IN,1985,0.105,0.936,135.3
AZ,1971,0.1,0.38,109.6
KS,2016,1.29,5.914,36.4
NV,2015,0.8,6.388,46.4
FL,1977,0.17,0.663,133.1
OK,2008,1.03,4.184,86.7
HI,1988,0.33,1.491,55.6
MS,1991,0.18,1.608,105.6
WV,1979,0.17,0.643,122.1
IL,2005,0.98,4.607,52.2
KY,1992,0.03,1.454,167.6
OK,1999,0.23,2.726,111.4
OH,1980,0.15,0.614,133.5
NE,2001,0.34,3.278,69.8
AL,2013,0.425,4.942,64.6
MD,2009,2,6.215,35.4
IL,1996,0.44,1.987,81.8
AZ,1974,0.1,0.477,133.1
CA,2016,0.87,5.607,22
MA,2015,3.51,8.934,25.9
MS,1998,0.18,1.995,107
MS,1979,0.11,0.597,123.9
MA,1997,0.51,2.585,66.7
MD,2012,2,6.362,34.4
PA,2009,1.35,5.461,59.2
NY,1973,0.15,0.474,118.7
FL,1975,0.17,0.559,131.9
KY,1970,0.025,0.301,155.8
WA,2008,2.025,5.685,31.9
OK,1985,0.18,1.046,124.2
NJ,2004,2.05,5.617,43
MT,1975,0.12,0.453,123.7
NC,1994,0.05,1.423,112.7
IL,1979,0.12,0.6,135.3
MA,1988,0.26,1.486,111.7
GA,1989,0.12,1.323,117.1
HI,2010,2.6,8.454,36.2
VA,1972,0.025,0.301,137
GA,1998,0.12,1.88,100.5
MT,2004,0.7,3.94,68
FL,2017,1.339,6.006,40.6
HI,1993,0.48,2.151,52.4
HI,1999,1,3.733,32.5
CO,1997,0.2,1.858,81.3
SC,1978,0.07,0.502,140.4
LA,1985,0.16,1.051,125
OR,1982,0.19,0.82,135.3
AL,1978,0.12,0.568,123
CO,1981,0.1,0.614,133.8
IA,1972,0.13,0.419,109.4
CO,1984,0.15,0.931,119.7
UT,1991,0.23,1.701,53.5
NE,2019,0.64,5.776,40.6
RI,2007,2.46,5.78,45.3
UT,1972,0.08,0.365,71.3
NV,2019,1.8,6.812,32
ME,1998,0.37,2.678,94.5
IL,1990,0.2,1.54,94.1
NE,1988,0.27,1.393,92.9
IA,2000,0.36,2.994,88.9
AR,1992,0.21,1.799,126
GA,2013,0.37,4.563,49.9
GA,2016,0.37,4.919,47.3
OR,1979,0.09,0.54,150.7
MO,1982,0.09,0.748,139.7
ID,1997,0.28,1.871,75
TX,1981,0.185,0.738,129
NH,2006,0.8,3.764,135.5
UT,1997,0.265,2.227,57
NE,1985,0.18,1.04,105.1
WA,1982,0.208,0.931,106.6
ME,1979,0.16,0.59,138.5
DC,1996,0.65,2.304,56
SC,2013,0.57,4.879,62
WY,1980,0.08,0.559,158.1
HI,1970,0.08,0.367,82.1
NM,1974,0.12,0.463,100.3
CT,2003,1.51,4.684,59.7
VA,1979,0.025,0.485,151.8
KS,2013,0.79,5.14,41
AK,2013,2,8.659,39
UT,2004,0.695,3.76,34.2
NV,1977,0.1,0.543,190.8
HI,2016,3.2,9.038,25.4
LA,1983,0.11,0.907,133.7
SC,1993,0.07,1.391,115.2
NM,2017,1.66,6.53,24
WI,1991,0.3,1.765,95.5
NY,2012,4.35,9.967,18
MN,1992,0.43,2.156,83.8
CO,1973,0.05,0.381,137.9
WA,1994,0.34,2.258,72.6
IA,2019,1.36,6.389,41.6
MA,1973,0.16,0.463,121.2
IN,1986,0.105,1.001,137.6
WV,1988,0.17,1.312,109.1
WV,2005,0.55,3.394,102.4
IL,2011,0.98,5.871,45.3
WA,2017,3.025,8.179,17
SC,1994,0.07,1.4,112.2
SD,1986,0.23,1.137,97
MT,1994,0.1926,1.554,88.2
NE,2006,0.64,3.718,59.5
DC,2019,4.94,10.418,9.1
WI,1995,0.38,2.005,93.5
OR,1981,0.09,0.624,143.1
AR,1990,0.21,1.465,113.1
DC,1982,0.13,0.863,132
NM,1999,0.21,2.798,59.7
UT,2017,1.7,6.791,18.4
OR,1977,0.09,0.507,155.6
AL,1970,0.12,0.427,89.8
NH,1997,0.25,1.97,174.4
RI,1983,0.23,0.948,135.8
OR,1984,0.19,0.975,118
KY,1988,0.03,1.038,173.2
OH,2013,1.25,5.631,54.6
CA,2001,0.87,3.977,38
OR,1985,0.19,1.047,118.6
KS,2010,0.79,4.997,45.2
VT,1994,0.2,1.601,120.3
MS,1971,0.09,0.374,105.4
MI,1982,0.21,0.877,137.3
AZ,1994,0.18,1.629,79
IA,1978,0.13,0.564,127.1
NJ,1972,0.19,0.489,128.4
AR,1993,0.22,1.681,113.8
IN,1981,0.105,0.651,148.5
DC,2001,0.65,3.714,43.9
TX,1998,0.41,2.25,73.2
NM,1992,0.15,1.722,71.4
WY,1970,0.06,0.344,132.2
WA,2004,1.425,4.728,37.7
VA,2000,0.025,2.754,96.7
AL,2001,0.165,3.23,90.5
MN,1989,0.38,1.623,92.3
TN,1993,0.13,1.503,120.8
NV,1976,0.1,0.493,201.4
CA,1995,0.37,1.979,56.4
TN,2003,0.2,3.182,93.2
UT,2014,1.7,6.349,19.5
IN,2005,0.555,3.509,96.1
OR,1972,0.09,0.351,160.4
VT,1980,0.12,0.61,161.6
WY,2018,0.6,5.456,50.4
OH,2011,1.25,5.614,56.8
FL,1971,0.15,0.468,123
GA,1997,0.12,1.687,100.6
RI,1984,0.23,1.003,136.9
MA,1985,0.26,1.15,117.2
MT,1993,0.18,1.513,86
UT,1989,0.23,1.519,57
NM,1971,0.12,0.421,92.6
ID,1970,0.07,0.336,102.4
VT,1998,0.44,2.337,97
NJ,1980,0.19,0.687,124.3
OR,1974,0.09,0.394,155.8
MO,1986,0.13,1.085,128.8
NY,2000,1.11,3.985,57.8
CA,1984,0.1,0.98,104.8
MA,1993,0.26,1.909,84.1
FL,1983,0.21,0.993,127.6
AR,2014,1.15,5.508,54.4
MS,1999,0.18,2.72,103.9
SC,2003,0.07,3.167,95.7
DC,1994,0.5,2.219,54.1
GA,2002,0.12,3.156,79.5
AL,1982,0.16,0.844,119.1
KS,1980,0.11,0.598,127.1
OK,1973,0.13,0.41,124.1
NY,2018,4.35,10.346,12.5
HI,1992,0.43,2.263,51.3
NH,2009,1.33,5.878,116.6
WV,1984,0.17,1.032,111.9
PA,2006,1.35,4.301,62.4
MD,2005,1,3.981,48.7
LA,2018,1.08,5.909,53.6
WV,2008,0.55,3.704,112.8
DC,1970,0.04,0.326,200.4
TN,2006,0.2,3.235,98.7
GA,1992,0.12,1.672,109.2
CO,2004,0.2,3.429,60.7
VT,2010,2.24,6.845,47.7
MI,1984,0.21,1.014,128.2
WY,2012,0.6,4.896,61.5
TN,1973,0.13,0.425,109.7
CA,2003,0.87,3.947,34.7
MA,1970,0.12,0.41,124.3
MT,1973,0.12,0.418,119.9
NV,2011,0.8,5.23,45.7
NY,1989,0.33,1.674,100.1
MS,2007,0.18,3.437,88.8
GA,1990,0.12,1.382,113.8
AL,1973,0.12,0.431,102.9
UT,1996,0.265,1.862,54
AZ,1989,0.15,1.302,96.8
KS,1977,0.11,0.526,127.9
NH,2012,1.68,5.876,93.9
HI,1978,0.12,0.605,93.2
NY,1982,0.15,0.831,128.5
TX,1994,0.41,1.85,78.8
HI,2019,3.2,9.444,22.5
IL,1972,0.12,0.41,126.6
OH,2007,1.25,4.414,67.8
AL,1986,0.165,1.1,116.3
RI,1972,0.13,0.406,134.4
KY,1998,0.03,1.792,171.3
ME,1971,0.12,0.415,133.2
ND,1970,0.11,0.389,93.8
LA,2010,0.36,4.561,74.3
CA,1993,0.35,1.903,63.4
WI,2002,0.77,3.951,75.3
NM,1988,0.15,1.272,77.7
RI,1980,0.18,0.645,149.3
CO,1974,0.1,0.417,132.8
NY,1972,0.15,0.458,119.9
GA,1973,0.12,0.424,119.8
WI,1988,0.3,1.383,102.6
VT,2002,0.44,3.903,93
CO,2007,0.84,4.213,51.1
VA,1987,0.025,1.021,133
DC,1986,0.13,1.125,117.2
DE,1976,0.14,0.517,153
AZ,1984,0.13,0.988,107.1
IA,1998,0.36,2.13,94
TX,1988,0.26,1.37,96.5
AK,1976,0.08,0.515,164.8
OK,2010,1.03,5.337,71.2
KY,2015,0.6,4.858,84.5
VT,2013,2.62,7.672,42.1
TN,1974,0.13,0.453,114.8
NC,2012,0.45,4.578,60.7
MI,2019,2,7.088,41.3
CT,2017,3.9,9.254,26.5
KY,1991,0.03,1.358,170.8
MN,2016,3.543,8.318,29.8
NE,2010,0.64,4.979,55
AL,1998,0.165,1.956,106.2
WV,1996,0.17,1.609,112.7
ME,1985,0.2,1.127,127.9
NY,1999,0.56,3.268,62.9
MA,1995,0.51,2.076,76.9
NV,1992,0.35,1.968,110
MN,1994,0.48,2.022,83.4
OR,1988,0.27,1.45,108.2
FL,2010,1.339,5.527,50
UT,1995,0.265,1.749,52
NE,1970,0.08,0.347,108.1
AZ,1970,0.1,0.385,115.2
MT,2000,0.18,2.71,75.5
NY,1977,0.15,0.595,125.5
NH,1990,0.17,1.539,152.4
MI,2008,2,5.413,52.4
TN,1979,0.13,0.603,127.2
WA,1999,0.825,3.598,55.1
FL,1991,0.24,1.87,98.2
WI,1976,0.16,0.521,115.4
TN,1971,0.13,0.416,106.3
MT,1997,0.18,1.754,88.9
FL,2012,1.339,5.549,45.9
OR,1993,0.28,1.784,98.7
NV,2016,1.8,6.361,30.9
KS,1999,0.24,2.712,83.3
PA,2008,1.35,4.414,61.4
TX,1985,0.195,1.055,115.9
ND,2001,0.44,3.383,70.1
CA,2008,0.87,4.292,30.3
KS,2001,0.24,3,78.1
FL,2000,0.339,3.023,82.5
TN,1975,0.13,0.483,117.4
NC,2016,0.45,4.9,54.4
VA,1981,0.025,0.564,149.9
NY,2010,2.75,9.653,24.1
GA,1976,0.12,0.495,125.9
WY,1992,0.12,1.669,110.8
MN,1977,0.18,0.579,117.2
MO,2007,0.17,3.358,100.6
NE,1975,0.13,0.468,114.1
DC,2004,1,4.197,38.4
ME,1997,0.37,2.196,101.1
MO,2002,0.17,3.081,99.2
DE,1997,0.24,1.792,124.1
IL,1987,0.2,1.241,109.5
OR,2008,1.18,4.29,50.4
MS,1980,0.11,0.63,127
DE,1978,0.14,0.6,155.5
FL,2015,1.339,5.744,41.9
OH,1974,0.15,0.46,122.1
NC,1992,0.02,1.535,128.8
ND,1991,0.3,1.683,85.2
IN,1982,0.105,0.757,147.7
MA,1976,0.21,0.573,116.9
CT,1980,0.21,0.801,118
MT,1996,0.18,1.649,87.3
OK,1991,0.23,1.706,87.8
UT,2007,0.695,3.893,32.9
PA,1992,0.18,1.838,96.2
IA,1976,0.13,0.494,124.4
FL,2008,0.339,3.566,67.9
IA,1984,0.18,0.995,111.2
SC,1974,0.06,0.381,129.7
MO,1984,0.13,0.937,130
CO,1979,0.1,0.546,131.5
ME,2019,2,7.256,42.6
NE,1973,0.13,0.42,106.6
PA,2018,2.6,8.133,37.8
MD,2015,2,6.556,30.4
CA,2019,2.87,8.141,15.8
MS,2017,0.68,5.21,59.4
OH,1976,0.15,0.498,124.6
MS,1997,0.18,1.758,106.3
WY,1988,0.08,1.186,114.3
NH,1989,0.17,1.359,172.9
NY,2011,4.35,9.849,18.3
IA,1982,0.18,0.84,116.2
RI,2005,2.46,5.637,49.4
VT,2004,1.19,4.435,69.2
GA,1995,0.12,1.561,100.3
OK,2017,1.03,5.93,60.5
NY,2003,1.5,5.54,35.3
AK,2011,2,8.494,43.3
NV,1983,0.1,0.998,159.2
CA,1979,0.1,0.621,121.9
IN,2008,0.995,4.093,81.7
LA,2007,0.36,3.607,86.7
MN,2007,1.493,4.61,53
NY,2005,1.5,5.457,32.4
MS,2008,0.18,3.451,93.6
CT,1986,0.26,1.227,108.5
MI,1975,0.11,0.479,136.8
ND,2007,0.44,3.54,75.9
MI,2018,2,6.751,42.5
OR,2002,0.68,4.045,66.6
NE,1972,0.13,0.412,104.9
OK,1977,0.13,0.531,140.4
CO,1977,0.1,0.574,132
AZ,2002,0.58,3.85,52
WA,1975,0.16,0.53,99.5
NV,2013,0.8,5.287,43.2
DC,1998,0.65,2.533,50.9
SD,1989,0.23,1.389,87.4
WA,1973,0.16,0.469,91
LA,2004,0.36,3.406,85.6
TN,2016,0.62,5.133,61.6
DE,2007,0.55,4.239,185.2
IL,1994,0.3,1.852,85.7
LA,2016,1.08,5.727,55.9
NE,1994,0.27,1.707,85.9
NY,2019,4.35,10.533,11.7
ID,2017,0.57,5.404,39
DE,1995,0.24,1.691,127.2
IA,1999,0.36,2.863,91.7
SD,2001,0.33,3.275,78.1
NE,2003,0.64,3.791,68.4
MS,1983,0.11,0.89,122.3
DE,2004,0.55,3.411,176
TN,2011,0.62,4.925,71.7
WI,1977,0.16,0.571,117.2
SD,2010,1.53,5.885,48.6
VT,2011,2.24,7.429,48.7
NM,1982,0.12,0.796,97.5
TX,2005,0.41,3.375,55.4
IL,2013,1.98,7.051,31.7
CO,2010,0.84,5.097,41.4
ME,1995,0.37,1.869,102.3
GA,1974,0.12,0.445,123.7
MT,1985,0.16,1.02,103.6
NH,1983,0.12,0.905,232.9
WA,2006,2.025,5.404,33.7
ME,1987,0.28,1.29,125
WY,1982,0.08,0.71,157.7
VA,2010,0.3,4.616,68.9
OR,2018,1.33,6.334,37.2
NE,2013,0.64,5.27,51.2
IA,1974,0.13,0.454,116.1
GA,1999,0.12,2.574,97.1
OR,1992,0.28,1.919,101.6
OR,2011,1.18,5.516,47
OK,2013,1.03,5.533,67.2
MD,1984,0.13,0.901,122.5
UT,2013,1.7,6.296,21.4
AL,2010,0.425,4.726,71.5
VA,2017,0.3,5.221,60.8
DC,1980,0.13,0.69,129.7
WY,2014,0.6,5.1,56.4
HI,1973,0.1,0.407,79.2
CT,1988,0.26,1.42,104.8
DE,1985,0.14,1.052,144.5
DE,2008,1.15,4.215,133.3
NV,1979,0.1,0.631,183.3
GA,2006,0.37,3.498,68.2
OH,1982,0.14,0.825,134
NH,1991,0.21,1.644,144.8
ID,2006,0.57,3.647,58.8
MT,2019,1.7,6.919,36.4
CO,1988,0.2,1.308,94.6
MO,1979,0.09,0.573,140.2
OK,1990,0.23,1.491,88.4
WI,2016,2.52,7.51,39.7
NV,1998,0.35,2.258,102.4
NJ,2016,2.7,7.51,28.1
AZ,1981,0.13,0.733,113.8
NV,1989,0.2,1.737,137.9
MS,2004,0.18,3.203,88.4
NM,2002,0.21,3.345,52.2
AZ,2006,1.18,4.35,42.2
VA,2016,0.3,5.102,63.6
WY,1996,0.12,1.641,110.3
RI,1974,0.13,0.443,146.1
FL,1996,0.339,1.827,91.8
NJ,1971,0.14,0.421,125.1
MA,2011,2.51,7.514,34.2
SC,2000,0.07,2.783,103.9
NJ,1984,0.25,1.047,117.8
CT,2007,1.51,5.358,50.5
KS,2018,1.29,6.225,33.3
PA,1979,0.18,0.613,122.6
PA,2007,1.35,4.397,60.8
SC,1973,0.06,0.352,125.5
MI,1998,0.75,2.613,73.7
NJ,1986,0.25,1.196,115.5
OH,2010,1.25,5.505,59.3
WY,2010,0.6,4.885,65.7
TN,2008,0.62,3.748,69.5
IA,2018,1.36,6.283,43
RI,1998,0.61,2.517,88.7
ID,2015,0.57,5.118,40.8
MI,1989,0.25,1.439,116.6
DE,2013,1.6,5.8,77.1
WA,1996,0.565,2.651,58.1
AR,2012,1.15,5.485,60.5
SD,1993,0.23,1.544,91.6
CA,1972,0.1,0.399,123.5
DC,1995,0.65,2.332,57.9
NV,1974,0.1,0.445,204.7
TX,2003,0.41,3.487,58.9
IN,1979,0.105,0.537,148.9
PA,1991,0.18,1.762,102.5
OR,2014,1.31,5.707,41.4
OR,1976,0.09,0.444,156.5
IL,2004,0.98,4.353,60
CA,2007,0.87,4.197,31.8
MO,2014,0.17,4.553,82.6
MD,1978,0.1,0.562,134.1
IA,2002,0.36,3.314,85.4
MT,2014,1.7,6.296,43
OK,1997,0.23,1.836,111.8
VA,2015,0.3,5.034,66.1
WI,1971,0.14,0.403,105.4
LA,2012,0.36,4.654,72
NE,1977,0.13,0.536,117.7
SD,1997,0.33,1.928,88.8
OK,1987,0.23,1.226,113.1
MD,1982,0.13,0.749,131.3
NC,2019,0.45,5.363,51.6
GA,1972,0.12,0.424,117
DC,1989,0.17,1.457,101.1
ND,1995,0.44,1.827,80.6
KY,2003,0.03,3.101,175.8
NY,1978,0.15,0.611,126.4
IA,1990,0.31,1.554,95.4
ID,2013,0.57,4.861,43.1
MS,1976,0.11,0.488,120.9
CT,1998,0.5,2.365,75.5
WY,2002,0.12,3.139,93.2
MA,2002,0.76,4.843,55.5
SC,2017,0.57,5.142,55.5
IN,1971,0.06,0.325,139.3
CA,2015,0.87,5.607,22.3
DC,2014,2.86,7.312,16.2
ND,2006,0.44,3.365,73.7
MA,1999,0.76,3.523,60.4
IA,1993,0.36,1.714,92.5
CO,1991,0.2,1.575,90.2
LA,2000,0.2,2.951,104.3
CT,1999,0.5,3.123,73.4
MI,1994,0.25,2.243,112.9
VA,1985,0.025,0.913,134.6
NY,1974,0.15,0.515,121.6
LA,1977,0.11,0.542,140
MA,1996,0.51,2.446,74.6
SD,1983,0.15,0.898,109.8
NH,1988,0.17,1.259,180.4
NC,1978,0.02,0.437,205.5
MT,2013,1.7,6.155,44.3
NM,2003,0.21,3.787,53.5
MI,1992,0.25,1.846,107.6
OK,1988,0.23,1.334,103.6
NE,1992,0.27,1.772,90.6
OR,1975,0.09,0.424,154.4
MT,2002,0.18,3.217,74.4
WA,2014,3.025,7.815,18.6
NE,1996,0.34,1.848,86.2
NH,1970,0.07,0.341,265.7
NV,2007,0.8,4.026,65.5
ID,1981,0.091,0.676,114.1
WY,1989,0.08,1.295,111.4
SD,2019,1.53,6.693,35
NE,1981,0.13,0.697,117
MD,1972,0.06,0.353,133.2
TN,1983,0.13,0.883,129
WA,2011,3.025,7.636,21.7
VA,2009,0.3,4.514,73.4
NM,1998,0.21,2.018,62.6
MT,2015,1.7,6.294,42.2
MT,1984,0.16,0.955,110.1
CA,1997,0.37,2.078,53.8
VT,1973,0.12,0.413,146.8
ID,2000,0.28,2.911,66.9
OH,1970,0.1,0.381,121.6
NC,2018,0.45,5.173,53.2
NC,1980,0.02,0.5,187.8
LA,1981,0.11,0.703,144
WI,1982,0.25,0.92,115.6
SC,2015,0.57,5.029,56.1
RI,2014,3.5,8.248,36.7
UT,2006,0.695,3.722,34.5
SC,1997,0.07,1.653,124.5
VA,2008,0.3,3.657,73.6
MA,1975,0.16,0.574,126.1
MN,1974,0.18,0.494,110.6
KY,2009,0.6,4.578,126.4
WI,1999,0.59,3.128,84.4
OK,2001,0.23,3.138,108.1
DC,1990,0.17,1.433,84.1
NH,1973,0.11,0.379,279
SD,2016,1.53,6.252,44.6
NJ,1990,0.27,1.804,98.6
VA,1983,0.025,0.76,144.7
NY,1971,0.12,0.427,123.3
ND,1998,0.44,2.236,79.1
NC,1991,0.02,1.45,132.7
ID,2004,0.57,3.498,60.8
CT,1992,0.4,2.023,83.6
ND,2009,0.44,4.193,72.9
PA,1987,0.18,1.123,110.6
UT,2012,1.7,6.24,23
WI,1974,0.16,0.466,111.8
AK,1996,0.29,2.144,89.9
MN,1986,0.23,1.201,104.8
FL,2018,1.339,6.13,38.4
NE,1984,0.18,0.958,107.7
NM,1972,0.12,0.418,99.3
CT,1978,0.21,0.644,117.5
ME,1970,0.12,0.388,128.5
WA,1991,0.34,1.992,78.7
ID,1999,0.28,2.759,75.1
WV,2004,0.55,3.364,104
NJ,2001,0.8,3.798,57.7
AL,1988,0.165,1.223,112.1
DE,1975,0.14,0.501,147.6
DC,2013,2.86,7.39,18.6
WA,1992,0.34,2.023,81.1
MS,1993,0.18,1.569,105.4
CA,1974,0.1,0.45,126.7
MO,1983,0.13,0.848,134.1
ME,2016,2,6.807,48.9
KS,1993,0.24,1.596,89.9
WA,1993,0.34,2.198,79.4
LA,1989,0.16,1.434,103.6
NJ,2002,0.8,4.632,58.4
OH,1984,0.14,0.922,127.1
GA,1983,0.12,0.868,128.6
MO,1996,0.17,1.634,124.1
AK,1994,0.29,2.014,94.1
WV,2017,1.2,5.88,82.2
IL,2019,1.98,8.972,29.3
WV,2014,0.55,4.868,97.4
FL,1976,0.17,0.559,130.3
ID,1988,0.18,1.336,84.5
WV,2002,0.17,3.046,110.7
NV,1995,0.35,1.95,100.9
IA,1986,0.26,1.171,104.1
AZ,1977,0.13,0.536,121.7
NE,1982,0.18,0.837,117.1
AK,1984,0.08,1.027,133.6
WY,1973,0.08,0.358,141.2
KY,1977,0.03,0.414,229.4
ID,2001,0.28,3.049,66.7
OH,2002,0.24,3.592,96.8
WA,2013,3.025,7.745,19.5
MN,2000,0.48,3.188,76
NE,1983,0.18,0.948,110.8
AZ,1976,0.13,0.487,122.3
WA,2019,3.025,8.569,15
ND,1992,0.3,1.776,74.4
WI,2012,2.52,7.24,41.2
CA,1987,0.1,1.174,97.5
MO,1980,0.09,0.599,142.1
AK,1971,0.08,0.421,123
CO,2011,0.84,5.216,40.6
SD,1990,0.23,1.503,88.3
SC,1992,0.07,1.645,112.9
IA,1975,0.13,0.478,120.5
SD,2002,0.33,3.405,75.4
OH,2018,1.6,6.426,47.6
IN,1997,0.155,1.668,135.3
IN,1974,0.06,0.367,159.6
RI,1981,0.18,0.716,151.2
HI,2017,3.2,9.092,25.1
ID,2012,0.57,4.789,43.5
DC,1997,0.65,2.365,54.3
NE,1979,0.13,0.595,116.1
OH,1971,0.1,0.384,124.6
NJ,1994,0.4,1.878,81.6
NM,1996,0.21,1.76,65.7
MS,2016,0.68,5.129,59.2
WI,2017,2.52,7.544,39
LA,1974,0.11,0.443,129.9
NY,1984,0.21,1.062,119.3
MS,1990,0.18,1.427,101.8
RI,1976,0.18,0.523,150.2
MS,1996,0.18,1.686,106.9
AR,2000,0.315,2.944,99.4
IA,2016,1.36,5.997,47.7
SC,1984,0.07,0.83,127
ND,1997,0.44,2.052,77.5
OK,2007,1.03,4.1,85.8
AZ,1980,0.13,0.633,126.8
GA,1991,0.12,1.595,109.6
ME,2001,0.74,3.926,81.2
NH,2015,1.78,6.343,89.6
MO,2017,0.17,4.819,79.5
NV,1994,0.35,1.904,105.2
CA,1975,0.1,0.483,127.1
MI,2011,2,6.335,46.4
MA,1989,0.26,1.524,104.4
NC,2008,0.35,3.465,73.7
HI,1981,0.15,0.755,85.6
OK,2016,1.03,5.837,61.2
LA,1980,0.11,0.626,143.8
NC,1996,0.05,1.52,129.7
KY,2012,0.6,4.752,100.1
ND,2015,0.44,4.709,75.8
WY,1974,0.08,0.386,145.8
ME,1980,0.16,0.629,141.2
ID,2010,0.57,4.705,46.4
OR,1999,0.68,3.242,79.9
IA,2012,1.36,5.753,48.6
IA,1994,0.36,1.79,93.4
LA,1988,0.16,1.307,110.9
VT,1995,0.2,1.964,123.2
UT,1978,0.08,0.537,79.6
IL,2008,0.98,4.949,47.9
VT,1999,0.44,3.011,94.1
NV,1986,0.15,1.14,142.6
AK,2004,1,5.03,63.6
ME,2006,2,5.28,64.8
ND,1989,0.27,1.443,84.1
TN,1999,0.13,2.612,115.8
IN,2016,0.995,5.581,62.4
WI,1979,0.16,0.612,117.1
AK,1987,0.16,1.254,110.4
MI,2000,0.75,3.455,83.7
DC,1993,0.5,2.131,68
SC,2010,0.07,4.705,84.5
HI,1994,0.52,2.286,44.2
RI,1978,0.18,0.587,146.8
SC,1986,0.07,0.953,126.6
IA,2013,1.36,5.748,48.5
KS,2019,1.29,6.373,31.1
KS,2006,0.79,3.988,55.4
NV,2012,0.8,5.181,43.1
NJ,2010,2.7,7.293,31.1
ND,1984,0.18,1.006,109.4
VA,2007,0.3,3.598,76.1
NV,1985,0.15,1.066,146.7
RI,2011,3.46,7.854,36.3
NC,1983,0.02,0.75,169.7
KS,1978,0.11,0.548,127.1
MI,2009,2,6.139,50.6
CA,2002,0.87,4.081,35.8
GA,2008,0.37,3.638,61.6
MS,2006,0.18,3.215,92.2
AZ,1975,0.13,0.491,121.8
SC,2012,0.57,4.851,61.9
RI,1986,0.234,1.135,136.3
DE,1979,0.14,0.627,150.2
OK,1975,0.13,0.464,132.9
VA,2018,0.3,5.438,55.7
FL,1993,0.339,1.716,96.8
DC,2012,2.86,7.366,20
SD,1984,0.15,0.923,105.7
IA,1977,0.13,0.546,125.5
RI,1985,0.23,1.018,133.4
NM,1975,0.12,0.495,103.1
CA,2011,0.87,5.395,26
KS,1983,0.11,0.91,127.6
NV,1993,0.35,1.903,108.1
NE,1974,0.13,0.446,110.5
MN,1997,0.48,2.2,84.1
HI,2003,1.3,4.723,51.2
IN,2010,0.995,5.147,71.7
PA,2017,2.6,7.959,40.5
AL,2015,0.425,5.305,60.7
MN,1975,0.18,0.521,111.5
MT,1991,0.18,1.635,82.9
IN,1983,0.105,0.852,143
MD,1987,0.13,1.092,119.3
GA,1985,0.12,1.001,128.8
IN,1972,0.06,0.329,149.2
NC,1990,0.02,1.266,133.7
DC,2007,1,4.3,38.1
MS,2019,0.68,5.636,53.8
MO,1988,0.13,1.189,127.4
NJ,1978,0.19,0.635,123.9
WV,2015,0.55,4.9,97.3
AR,1977,0.1775,0.565,122.6
UT,1970,0.08,0.366,65.5
RI,2010,3.46,7.795,37.1
NH,1976,0.12,0.45,290.5
IA,2017,1.36,6.184,45
MI,1978,0.11,0.572,141.8
MT,2010,1.7,6.121,47.3
MA,1980,0.21,0.708,120.5
HI,2000,1,4.051,31.9
NE,2011,0.64,5.107,53.5
KY,1978,0.03,0.434,224.7
HI,2002,1,4.544,51.1
TN,1980,0.13,0.637,130.4
WI,2014,2.52,7.53,39.9
WV,1982,0.17,0.882,119.8
OK,1980,0.18,0.658,141.6
CT,2012,3.4,8.329,33.5
IL,1980,0.12,0.631,135.2
DC,1988,0.17,1.359,105.4
MO,1995,0.17,1.598,124
TX,2008,1.41,4.549,43.9
IN,1991,0.155,1.535,127.2
MS,1982,0.11,0.786,125.8
KY,2001,0.03,2.927,152.6
KS,1971,0.11,0.388,102.8
OK,2000,0.23,2.904,108.9
SC,1988,0.07,1.119,124.4
MS,1977,0.11,0.536,122.1
AK,1975,0.08,0.483,150.4
OR,1978,0.09,0.519,156.3
IN,1996,0.155,1.563,135.1
OR,2013,1.18,5.683,43.3
AL,1994,0.165,1.551,107.1
ME,1991,0.31,1.877,116.1
IL,1995,0.44,1.887,84.3
HI,2011,3,8.788,32.9
NE,2012,0.64,5.062,52.5
UT,1994,0.265,1.688,55.8
MS,2003,0.18,3.215,91.2
IL,1989,0.2,1.473,104.6
IA,2015,1.36,5.812,46.5
SD,1987,0.23,1.247,95.8
NM,2004,0.91,3.883,35.4
ND,1973,0.11,0.399,108.7
OK,1995,0.23,1.627,109.5
OR,2019,1.33,6.495,35
OR,2009,1.18,5.099,48.4
SC,1971,0.06,0.341,115
WV,1983,0.17,0.972,115.7
AR,2004,0.59,3.535,79.8
MD,2000,0.66,3.449,57.7
MD,1971,0.06,0.343,126.7
NJ,1999,0.8,3.397,63.6
VA,1998,0.025,1.837,105.6
AK,2016,2,9.013,35.6
SC,2016,0.57,5.049,57.3
NE,1999,0.34,2.883,86.8
ME,2010,2,6.464,53
NV,1973,0.1,0.419,201.5
PA,1996,0.31,1.765,93.3
WA,1980,0.16,0.666,101.4
WV,1999,0.17,2.537,112.4
KY,1981,0.03,0.563,209.7
SC,2009,0.07,3.967,85
FL,2009,0.339,5.475,70.6
NH,2016,1.78,6.432,91.5
NH,1984,0.17,0.892,215.1
SD,2000,0.33,3.04,75.1
DE,1992,0.24,1.879,120
ND,2005,0.44,3.35,66
ME,1982,0.16,0.808,139.5
AL,2019,0.675,5.784,53.1
RI,1970,0.13,0.402,123.9
AZ,1973,0.1,0.392,128.3
WI,2001,0.59,3.846,78.2
ID,2007,0.57,3.802,58.6
MI,1983,0.21,0.97,128.3
WV,2000,0.17,2.758,107.9
ME,1994,0.37,1.849,101.6
NH,2007,0.8,4.24,131.6
CO,1994,0.2,1.642,89.1
CO,2002,0.2,3.264,66.2
MD,1977,0.1,0.521,135.7
AZ,1990,0.15,1.514,88.9
CT,2000,0.5,3.192,71.4
ID,2005,0.57,3.61,58.3
ID,1982,0.091,0.765,111.5
RI,1992,0.37,1.979,100.1
KY,1996,0.03,1.456,179
MN,1984,0.18,1.015,110.8
MO,1992,0.13,1.576,122.3
VT,1972,0.12,0.398,138
TN,2013,0.62,4.965,66.2
OK,2011,1.03,5.551,71
VA,1996,0.025,1.596,104.6
MT,2016,1.7,6.444,42.2
DC,1971,0.04,0.337,213
NM,1983,0.12,0.902,96.3
TX,1986,0.205,1.144,113.7
AL,1992,0.165,1.762,109.1
NC,2015,0.45,4.741,54.1
TN,2005,0.2,3.257,97
MO,1976,0.09,0.459,139.5
CA,1976,0.1,0.49,128
DC,2011,2.5,7.113,24.2
UT,1982,0.1,0.82,73.6
VT,1977,0.12,0.525,169.4
WI,1998,0.44,2.435,88.7
WI,1994,0.38,1.88,91.8
AK,1988,0.16,1.394,80
HI,1998,0.8,3.017,35.5
IL,1977,0.12,0.546,134
HI,2008,1.8,5.86,44
VA,1991,0.025,1.579,109.1
ME,1978,0.16,0.545,143.9
SD,1972,0.12,0.396,103
MN,1981,0.18,0.717,120.8
IN,1970,0.06,0.322,134.6
NY,1994,0.56,2.121,71.6
FL,1972,0.17,0.474,126
KS,2011,0.79,5.112,41.2
KY,2017,0.6,5.176,85.6
OR,2015,1.31,5.907,40.5
OR,1983,0.19,0.965,124.6
ND,2014,0.44,4.733,75.8
NH,2001,0.52,3.529,136.1
MD,2011,2,6.288,34.6
RI,2008,2.46,5.803,43.6
FL,1987,0.24,1.305,125.1
MO,2011,0.17,4.299,91.1
RI,1995,0.56,2.149,90.8
AK,2009,2,7.605,45.8
TX,1979,0.185,0.637,126.4
WY,1979,0.08,0.553,168.6
NH,2000,0.52,3.215,147.3
LA,1984,0.11,1.03,128.9
CA,1982,0.1,0.849,115.4
CA,1970,0.1,0.397,123
KS,2000,0.24,2.941,79.8
MO,1993,0.13,1.468,121.6
KY,1976,0.03,0.369,230.9
MA,1986,0.26,1.204,115.8
CT,1996,0.5,2.085,76
IL,1971,0.12,0.419,125.6
NY,2008,2.75,6.733,31.5
NV,2018,1.8,6.705,31.6
PA,1990,0.18,1.441,101.3
MO,2008,0.17,3.417,100.1
OK,1982,0.18,0.839,147
MS,2000,0.18,2.8,97.2
MS,2001,0.18,3.089,93.9
WY,1984,0.08,0.874,128.9
AL,2017,0.675,5.452,58.1
WV,2009,0.55,4.515,115.8
KY,2014,0.6,4.836,89
MN,2018,3.614,8.931,26.2
WI,1986,0.25,1.163,105.4
MA,2005,1.51,5.053,42.7
MI,2001,0.75,3.793,79.2
MT,1978,0.12,0.537,127.2
MD,2013,2,6.383,32.6
WV,1970,0.07,0.416,114.5
MS,2002,0.18,3.193,91.5
SC,1985,0.07,0.887,125.4
WY,2003,0.12,3.556,115.5
AR,2005,0.59,3.53,82.1
RI,2012,3.46,8.23,35.8
KS,2005,0.79,3.73,54.9
SC,2007,0.07,3.262,91.2
CA,2017,2.87,7.659,20.5
CA,1998,0.37,2.249,52.3
NM,1991,0.15,1.654,69.9
ND,2012,0.44,4.445,74.5
UT,2019,1.7,6.968,15.9
KY,1979,0.03,0.463,214.9
AR,2002,0.34,3.522,87.2
MD,1986,0.13,1.003,121.8
WI,1972,0.16,0.426,108.8
AL,2000,0.165,2.884,96.2
WI,1978,0.16,0.587,116.7
TN,1986,0.13,1.035,107.9
AR,2018,1.15,6.055,50.2
WA,1974,0.16,0.49,98.6
AL,1983,0.16,0.908,116.3
MT,2007,1.7,4.968,52.6
MD,1974,0.06,0.395,144.8
OH,1991,0.18,1.596,113.2
HI,1974,0.1,0.413,89.3
TX,2017,1.41,6.244,31.9
NC,1970,0.02,0.294,172.4
AZ,2014,2,6.752,23
OH,2004,0.55,3.496,85.9
LA,1975,0.11,0.481,133.6
VT,1990,0.17,1.501,124.3
OH,1996,0.24,1.668,107.6
OR,2005,1.18,4.228,53.2
DC,2000,0.65,3.554,50.2
IN,2012,0.995,5.231,66
WA,1986,0.31,1.342,94.2
RI,1979,0.18,0.6,145.8
MO,2012,0.17,4.239,89.4
WA,1978,0.16,0.616,101.3
IA,1979,0.13,0.588,124.2
KY,1972,0.03,0.306,179.4
AL,1995,0.165,1.583,102.6
GA,1988,0.12,1.224,124.1
AR,1996,0.315,1.813,110.7
CT,1974,0.21,0.545,112.4
UT,2010,0.695,5.891,26.7
UT,1983,0.12,0.953,69
ID,1976,0.091,0.456,125.1
LA,1979,0.11,0.6,140.1
SC,1982,0.07,0.724,136
CO,1983,0.1,0.834,125.3
ME,1999,0.74,3.305,85.5
CO,2009,0.84,5.078,46
NV,1972,0.1,0.403,198.6
OK,1978,0.13,0.555,143.6
AK,2012,2,8.3,41.2
MN,2012,1.6,5.809,37.9
ID,1975,0.091,0.425,123.3
NJ,1982,0.24,0.921,126.3
OR,1994,0.28,1.896,96.6
AR,1986,0.21,1.13,126
WY,1976,0.08,0.434,161.5
TN,1989,0.13,1.35,124.7
PA,2015,1.6,6.47,48.5
WV,1981,0.17,0.751,120.5
AL,1981,0.16,0.731,119.6
NM,2011,1.66,6.06,27.3
MN,1987,0.38,1.417,108.8
VT,1993,0.19,1.596,117.2
RI,1989,0.27,1.509,120.8
OH,1986,0.14,1.022,126.3
SC,2004,0.07,3.122,92.2
MI,1973,0.11,0.411,133.7
PA,1977,0.18,0.574,120.1
NY,1981,0.15,0.725,130.1
WY,1995,0.12,1.625,115
CO,2019,0.84,6.06,30.4
IA,2014,1.36,5.791,47.1
KY,1990,0.03,1.205,182.5
TX,2011,1.41,5.731,38.7
NV,1981,0.1,0.716,171.9
MA,2008,1.51,6.365,43.1
CA,1985,0.1,1.044,102.8
IN,2007,0.555,4.138,102.3
AK,2005,1.6,5.61,60.2
DC,1976,0.1,0.519,167.7
SD,1982,0.15,0.788,113
MD,1993,0.36,1.733,82.6
OR,1997,0.38,2.341,89.5
AZ,2001,0.58,3.606,54.1
ND,2003,0.44,3.533,65.7
NY,1986,0.21,1.17,114
MO,1999,0.17,2.588,118
LA,1998,0.2,2.08,103.2
MI,1991,0.25,1.767,110.3
IL,1998,0.44,2.405,80.3
CT,1972,0.21,0.506,110.8
ND,1987,0.18,1.233,92.3
FL,1982,0.21,0.905,131.8
VA,1971,0.025,0.299,128.4
MO,2005,0.17,3.186,103.4
TX,1995,0.41,1.884,75.2
MO,1971,0.09,0.377,127.6
PA,1972,0.18,0.449,109
CO,1978,0.15,0.528,129.2
ID,1992,0.18,1.712,85.1
WV,2011,0.55,4.63,107.9
MT,1972,0.12,0.409,122.2
OK,2002,0.23,3.211,102
WI,1996,0.38,2.007,92.1
SD,1977,0.12,0.532,115.6
SC,1976,0.06,0.422,136.8
UT,1987,0.23,1.229,67.7
VA,1984,0.025,0.836,136.8
NC,2009,0.35,4.505,69.6
DC,1975,0.06,0.478,176.5
OK,1971,0.13,0.398,115.4
FL,1984,0.21,1.042,124.7
IA,1992,0.36,1.897,95.2
OH,1993,0.18,1.512,108.9
NJ,1997,0.4,2.083,77
VT,2001,0.44,3.549,94.3
KY,1999,0.03,2.434,165.3
MD,1988,0.13,1.202,115
VA,1973,0.025,0.313,143.1
PA,1999,0.31,2.801,91.1
TN,2018,0.62,5.281,56
CT,1977,0.21,0.617,117.3
KY,1994,0.03,1.348,170.2
NV,2009,0.8,4.979,53.5
AL,1974,0.12,0.466,108.2
MI,1985,0.21,1.06,126.6
AZ,1997,0.58,2.31,64.6
VA,2012,0.3,4.68,72.4
MI,1988,0.25,1.33,121.1
WV,1975,0.12,0.484,123.2
WA,1979,0.16,0.638,101.4
IL,1993,0.3,1.821,94.6
MD,2004,1,4.022,48.9
KS,2009,0.79,4.747,49.1
VA,1976,0.025,0.384,158.1
CO,1999,0.2,2.813,79.6
CA,1971,0.1,0.399,121
TX,2002,0.41,3.531,58.3
GA,2012,0.37,4.506,53.1
WY,1990,0.08,1.27,96.9
DE,1998,0.24,1.983,132.8
PA,2003,1,3.907,74.7
IN,1973,0.06,0.345,156
LA,1970,0.08,0.393,115.9
UT,1992,0.23,1.801,55
GA,2018,0.37,5.23,45.7
ME,2007,2,5.521,58.5
IL,2001,0.58,3.491,67.1
SC,2001,0.07,3.024,96.6
HI,1979,0.135,0.635,88.8
UT,1975,0.08,0.434,75.8
NE,1987,0.23,1.233,101.3
GA,1986,0.12,1.039,129
MI,2014,2,6.492,44.5
AR,2015,1.15,5.655,54
OH,2015,1.25,6.072,52.4
OR,2004,1.18,4.142,55.2
AK,2010,2,7.607,43.8
FL,2013,1.339,5.572,44.3
NH,1985,0.17,1,201.1
TX,2014,1.41,5.763,33.7
MS,2015,0.68,5.13,62.6
OK,1998,0.23,2.034,112.2
SC,2014,0.57,4.987,58.9
WA,1985,0.23,1.257,96.5
HI,2014,3.2,8.839,25.4
LA,1995,0.2,1.653,105.7
NJ,2013,2.7,7.37,30.6
VA,1989,0.025,1.286,122.5
CO,2016,0.84,5.49,35.8
